sampleId	country	alabels	longitude	latitude	PC1	PC2
ind_474	Croatia	HR	16.1	45.32	0.0111	-0.046
ind_660	Serbia and Montenegro	YG	20.6157230848337	43.9494926410995	-0.03	-0.0443
ind_1890	Czech Republic	CZ	15.3769842272552	49.7366066102774	0.0137	-0.0444
ind_1923	Bosnia and Herzegovina	BA	17.8620230363970	44.1758758177205	0.0028	-0.0493
ind_2083	Serbia and Montenegro	YG	20.6157230848337	43.9494926410995	-0.0031	-0.0416
ind_2733	Serbia and Montenegro	YG	20.6157230848337	43.9494926410995	-0.0026	-0.0424
ind_3467	Serbia and Montenegro	YG	20.6157230848337	43.9494926410995	-0.0241	-0.0478
ind_3548	Romania	RO	24.9821171437008	45.8858243977516	-0.0304	-0.0537
ind_3740	Serbia and Montenegro	YG	20.6157230848337	43.9494926410995	-0.0011	-0.0545
ind_4108	Bosnia and Herzegovina	BA	17.8620230363970	44.1758758177205	0.0048	-0.0588
ind_4506	Bosnia and Herzegovina	BA	17.8620230363970	44.1758758177205	0.001	-0.0539
ind_4819	Serbia and Montenegro	YG	20.6157230848337	43.9494926410995	-0.0314	-0.0508
ind_5238	Bulgaria	BG	25.2182005971862	42.8151664853966	-0.016	-0.0376
ind_5273	Serbia and Montenegro	YG	20.6157230848337	43.9494926410995	-0.0254	-0.0579
ind_5315	Serbia and Montenegro	YG	20.6157230848337	43.9494926410995	-0.0317	-0.0496
ind_5703	Hungary	HU	19.3687924374399	47.1822394595205	-0.0086	-0.0451
ind_6222	Hungary	HU	19.3687924374399	47.1822394595205	0.0149	-0.0462
ind_6632	Hungary	HU	19.3687924374399	47.1822394595205	-0.0104	-0.0416
ind_7474	Czech Republic	CZ	15.3769842272552	49.7366066102774	0.0212	-0.032
ind_7641	Romania	RO	24.9821171437008	45.8858243977516	-0.0061	-0.0422
ind_8135	Serbia and Montenegro	YG	20.6157230848337	43.9494926410995	-0.0192	-0.0561
ind_8469	Romania	RO	24.9821171437008	45.8858243977516	-0.0131	-0.0417
ind_8670	Hungary	HU	19.3687924374399	47.1822394595205	0.0086	-0.0398
ind_9707	Serbia and Montenegro	YG	20.6157230848337	43.9494926410995	0.0028	-0.0497
ind_10108	Serbia and Montenegro	YG	20.6157230848337	43.9494926410995	-0.0109	-0.0488
ind_10189	Hungary	HU	19.3687924374399	47.1822394595205	0.011	-0.0384
ind_11021	Serbia and Montenegro	YG	20.6157230848337	43.9494926410995	-0.003	-0.059
ind_11126	Romania	RO	24.9821171437008	45.8858243977516	0.0099	-0.0532
ind_12887	Bosnia and Herzegovina	BA	17.8620230363970	44.1758758177205	0.0023	-0.047
ind_13011	Slovakia	SK	19.5167408690893	48.7084711361039	-0.057	-0.0215
ind_13067	Serbia and Montenegro	YG	20.6157230848337	43.9494926410995	-0.0078	-0.0512
ind_13419	Bosnia and Herzegovina	BA	17.8620230363970	44.1758758177205	0.0058	-0.0605
ind_13557	Albania	AL	20.0669417599939	41.2010555936319	-0.0354	-0.0491
ind_13912	Hungary	HU	19.3687924374399	47.1822394595205	0.0161	-0.0368
ind_14129	Ukraine	UA	31.3892588389883	49.0619830464609	0.0234	-0.0727
ind_14433	Serbia and Montenegro	YG	20.6157230848337	43.9494926410995	-0.012	-0.0506
ind_14986	Romania	RO	24.9821171437008	45.8858243977516	-0.0119	-0.0558
ind_15097	Romania	RO	24.9821171437008	45.8858243977516	0.0045	-0.0453
ind_15426	Bulgaria	BG	25.2182005971862	42.8151664853966	-0.0202	-0.0431
ind_15496	Hungary	HU	19.3687924374399	47.1822394595205	0.0145	-0.0349
ind_16462	Serbia and Montenegro	YG	20.6157230848337	43.9494926410995	-0.0321	-0.0529
ind_16527	Serbia and Montenegro	YG	20.6157230848337	43.9494926410995	-0.0296	-0.0571
ind_16872	Serbia and Montenegro	YG	20.6157230848337	43.9494926410995	0.0021	-0.0454
ind_17204	Czech Republic	CZ	15.3769842272552	49.7366066102774	0.0281	-0.0627
ind_17669	Croatia	HR	16.1	45.32	0.0166	-0.068
ind_17955	Czech Republic	CZ	15.3769842272552	49.7366066102774	0.0222	-0.0284
ind_18083	Czech Republic	CZ	15.3769842272552	49.7366066102774	0.0212	-0.0415
ind_18501	Albania	AL	20.0669417599939	41.2010555936319	-0.02	-0.0484
ind_19593	Croatia	HR	16.1	45.32	-0.0383	-0.0486
ind_19599	Czech Republic	CZ	15.3769842272552	49.7366066102774	-6e-04	-0.0494
ind_22020	Serbia and Montenegro	YG	20.6157230848337	43.9494926410995	-0.031	-0.0501
ind_22675	Hungary	HU	19.3687924374399	47.1822394595205	0.0179	-0.0423
ind_24231	Latvia	LV	24.856977593073	56.9121980114132	0.0516	-0.0666
ind_24512	Czech Republic	CZ	15.3769842272552	49.7366066102774	0.019	-0.0412
ind_25017	Romania	RO	24.9821171437008	45.8858243977516	-0.0147	-0.0475
ind_25098	Serbia and Montenegro	YG	20.6157230848337	43.9494926410995	0.002	-0.0628
ind_25564	Romania	RO	24.9821171437008	45.8858243977516	-0.0244	-0.036
ind_27833	Hungary	HU	19.3687924374399	47.1822394595205	0.0186	-0.0359
ind_27986	Serbia and Montenegro	YG	20.6157230848337	43.9494926410995	0	-0.0507
ind_28005	Czech Republic	CZ	15.3769842272552	49.7366066102774	0.022	-0.0429
ind_28027	Serbia and Montenegro	YG	20.6157230848337	43.9494926410995	0.0013	-0.0422
ind_28611	Albania	AL	20.0669417599939	41.2010555936319	-0.033	-0.0427
ind_29218	Romania	RO	24.9821171437008	45.8858243977516	-0.014	-0.0416
ind_29336	Macedonia, The Former Yugoslav Republic Of	MK	21.6939765444650	41.6709567270118	-0.0266	-0.0423
ind_29507	Hungary	HU	19.3687924374399	47.1822394595205	0.0172	-0.0297
ind_29556	Czech Republic	CZ	15.3769842272552	49.7366066102774	0.0105	-0.0306
ind_31205	Bosnia and Herzegovina	BA	17.8620230363970	44.1758758177205	0.0032	-0.0622
ind_31428	Serbia and Montenegro	YG	20.6157230848337	43.9494926410995	-0.0071	-0.0424
ind_32595	Hungary	HU	19.3687924374399	47.1822394595205	0.0185	-0.0424
ind_32986	Serbia and Montenegro	YG	20.6157230848337	43.9494926410995	-0.0353	-0.0462
ind_33396	Serbia and Montenegro	YG	20.6157230848337	43.9494926410995	-0.0273	-0.0542
ind_34699	Croatia	HR	16.1	45.32	0.008	-0.0582
ind_34721	Serbia and Montenegro	YG	20.6157230848337	43.9494926410995	9e-04	-0.0496
ind_34723	Croatia	HR	16.1	45.32	0.0109	-0.052
ind_35482	Macedonia, The Former Yugoslav Republic Of	MK	21.6939765444650	41.6709567270118	-0.0111	-0.0371
ind_35736	Romania	RO	24.9821171437008	45.8858243977516	-0.0166	-0.0399
ind_35798	Serbia and Montenegro	YG	20.6157230848337	43.9494926410995	-0.0106	-0.0597
ind_35984	Romania	RO	24.9821171437008	45.8858243977516	-0.0127	-0.0219
ind_36104	Serbia and Montenegro	YG	20.6157230848337	43.9494926410995	-0.0253	-0.0507
ind_37125	Macedonia, The Former Yugoslav Republic Of	MK	21.6939765444650	41.6709567270118	-0.0189	-0.0507
ind_37439	Hungary	HU	19.3687924374399	47.1822394595205	0.0133	-0.0406
ind_37628	Romania	RO	24.9821171437008	45.8858243977516	-0.0119	-0.0398
ind_37773	Serbia and Montenegro	YG	20.6157230848337	43.9494926410995	-0.0263	-0.0544
ind_38700	Croatia	HR	16.1	45.32	0.0033	-0.0322
ind_38782	Serbia and Montenegro	YG	20.6157230848337	43.9494926410995	-0.0239	-0.0594
ind_38794	Serbia and Montenegro	YG	20.6157230848337	43.9494926410995	-0.0243	-0.0494
ind_39319	Slovenia	SI	14.7739665751100	46.1226431116918	0.0084	-0.0568
ind_39943	Hungary	HU	19.3687924374399	47.1822394595205	0.0136	-0.0536
ind_40785	Hungary	HU	19.3687924374399	47.1822394595205	-0.0074	-0.041
ind_41221	Serbia and Montenegro	YG	20.6157230848337	43.9494926410995	-0.0294	-0.0507
ind_41606	Hungary	HU	19.3687924374399	47.1822394595205	-0.0034	-0.0379
ind_41729	Serbia and Montenegro	YG	20.6157230848337	43.9494926410995	-0.0287	-0.0476
ind_41734	Serbia and Montenegro	YG	20.6157230848337	43.9494926410995	-0.0301	-0.0415
ind_42098	Serbia and Montenegro	YG	20.6157230848337	43.9494926410995	-0.0077	-0.0324
ind_42125	Serbia and Montenegro	YG	20.6157230848337	43.9494926410995	-0.0034	-0.055
ind_42725	Hungary	HU	19.3687924374399	47.1822394595205	0.0101	-0.0329
ind_43172	Czech Republic	CZ	15.3769842272552	49.7366066102774	0.0205	-0.0429
ind_43252	Czech Republic	CZ	15.3769842272552	49.7366066102774	0.0252	-0.0413
ind_43473	Bosnia and Herzegovina	BA	17.8620230363970	44.1758758177205	-0.0049	-0.0446
ind_45879	Hungary	HU	19.3687924374399	47.1822394595205	0.0104	-0.0313
ind_47058	Macedonia, The Former Yugoslav Republic Of	MK	21.6939765444650	41.6709567270118	-0.022	-0.0365
ind_47219	Bosnia and Herzegovina	BA	17.8620230363970	44.1758758177205	0.0108	-0.0454
ind_48009	Serbia and Montenegro	YG	20.6157230848337	43.9494926410995	-0.0372	-0.0447
ind_49032	Hungary	HU	19.3687924374399	47.1822394595205	0.0161	-0.0434
ind_49152	Serbia and Montenegro	YG	20.6157230848337	43.9494926410995	-0.0018	-0.065
ind_49378	Serbia and Montenegro	YG	20.6157230848337	43.9494926410995	3e-04	-0.0395
ind_49547	Romania	RO	24.9821171437008	45.8858243977516	-0.0125	-0.0434
ind_49857	Serbia and Montenegro	YG	20.6157230848337	43.9494926410995	-0.0258	-0.0426
ind_1139	United Kingdom	UK	-2.33119501692698	53.5432480069741	0.0248	0.012
ind_1269	United Kingdom	UK	-2.33119501692698	53.5432480069741	0.0278	-8e-04
ind_1334	Ireland	IE	-8.18040076502755	53.1966827266848	0.0429	0.0312
ind_1398	United Kingdom	UK	-2.33119501692698	53.5432480069741	0.0234	0.0051
ind_1551	Ireland	IE	-8.18040076502755	53.1966827266848	0.0345	0.0108
ind_1599	United Kingdom	UK	-2.33119501692698	53.5432480069741	0.0129	-0.0032
ind_2721	Ireland	IE	-8.18040076502755	53.1966827266848	0.0363	0.0144
ind_3146	Ireland	IE	-8.18040076502755	53.1966827266848	0.0377	0.0196
ind_3181	United Kingdom	UK	-2.33119501692698	53.5432480069741	0.0306	-0.0021
ind_3708	Ireland	IE	-8.18040076502755	53.1966827266848	0.0343	0.0161
ind_4573	Ireland	IE	-8.18040076502755	53.1966827266848	0.0325	0.0027
ind_4865	United Kingdom	UK	-2.33119501692698	53.5432480069741	0.0244	0.0196
ind_4982	United Kingdom	UK	-2.33119501692698	53.5432480069741	0.0369	-0.0095
ind_5099	Sweden	SE	18	59.35	0.0381	-0.0208
ind_5426	United Kingdom	UK	-2.33119501692698	53.5432480069741	0.0258	0.0194
ind_5445	Ireland	IE	-8.18040076502755	53.1966827266848	0.034	0.0203
ind_5560	United Kingdom	UK	-2.33119501692698	53.5432480069741	0.0334	0.0128
ind_6762	Scotland	Sct	-3.2	55.95	0.0276	8e-04
ind_6802	Ireland	IE	-8.18040076502755	53.1966827266848	0.0343	0.0138
ind_6985	United Kingdom	UK	-2.33119501692698	53.5432480069741	0.037	0.0216
ind_7795	United Kingdom	UK	-2.33119501692698	53.5432480069741	0.0247	0.0087
ind_8126	United Kingdom	UK	-2.33119501692698	53.5432480069741	0.0256	-0.0017
ind_8682	United Kingdom	UK	-2.33119501692698	53.5432480069741	0.0287	-0.0026
ind_9631	United Kingdom	UK	-2.33119501692698	53.5432480069741	0.0238	0.0085
ind_10548	United Kingdom	UK	-2.33119501692698	53.5432480069741	0.0277	0.0069
ind_10966	United Kingdom	UK	-2.33119501692698	53.5432480069741	0.03	0.0094
ind_11577	Ireland	IE	-8.18040076502755	53.1966827266848	0.0358	0.0133
ind_12009	Ireland	IE	-8.18040076502755	53.1966827266848	0.0346	0.0234
ind_12725	United Kingdom	UK	-2.33119501692698	53.5432480069741	0.0224	-0.0035
ind_12863	Ireland	IE	-8.18040076502755	53.1966827266848	0.0311	0.016
ind_13550	United Kingdom	UK	-2.33119501692698	53.5432480069741	0.0351	0.0034
ind_13732	United Kingdom	UK	-2.33119501692698	53.5432480069741	0.0332	-0.0227
ind_13750	United Kingdom	UK	-2.33119501692698	53.5432480069741	0.0284	0.0078
ind_15615	United Kingdom	UK	-2.33119501692698	53.5432480069741	0.0299	-0.0075
ind_15748	United Kingdom	UK	-2.33119501692698	53.5432480069741	0.0342	0.0087
ind_16161	Ireland	IE	-8.18040076502755	53.1966827266848	0.0295	0.0098
ind_17248	Croatia	HR	16.1	45.32	0.0023	-0.0454
ind_17282	Ireland	IE	-8.18040076502755	53.1966827266848	0.0334	0.0099
ind_17918	Ireland	IE	-8.18040076502755	53.1966827266848	0.0321	0.0143
ind_18147	Ireland	IE	-8.18040076502755	53.1966827266848	0.0351	0.0247
ind_18213	Kosovo	KS	21.1	42.7	-0.0256	-0.0622
ind_18906	United Kingdom	UK	-2.33119501692698	53.5432480069741	0.0278	-0.0046
ind_19568	United Kingdom	UK	-2.33119501692698	53.5432480069741	0.0284	0.0063
ind_21319	United Kingdom	UK	-2.33119501692698	53.5432480069741	0.0284	0.0168
ind_21377	United Kingdom	UK	-2.33119501692698	53.5432480069741	0.0267	0.0032
ind_22689	Ireland	IE	-8.18040076502755	53.1966827266848	0.0321	0.0084
ind_22994	United Kingdom	UK	-2.33119501692698	53.5432480069741	0.0261	0.0047
ind_24146	United Kingdom	UK	-2.33119501692698	53.5432480069741	0.0326	-0.062
ind_24856	United Kingdom	UK	-2.33119501692698	53.5432480069741	0.0282	0.0169
ind_25230	United Kingdom	UK	-2.33119501692698	53.5432480069741	0.03	-0.0022
ind_25324	United Kingdom	UK	-2.33119501692698	53.5432480069741	0.0305	0.0164
ind_25596	United Kingdom	UK	-2.33119501692698	53.5432480069741	0.0285	0.008
ind_25961	United Kingdom	UK	-2.33119501692698	53.5432480069741	0.0249	0.0093
ind_26221	United Kingdom	UK	-2.33119501692698	53.5432480069741	0.0269	0.0029
ind_26287	United Kingdom	UK	-2.33119501692698	53.5432480069741	0.0326	0.0113
ind_26504	United Kingdom	UK	-2.33119501692698	53.5432480069741	0.0254	-0.0014
ind_26840	Ireland	IE	-8.18040076502755	53.1966827266848	0.0426	0.0127
ind_26916	United Kingdom	UK	-2.33119501692698	53.5432480069741	0.0097	-0.0258
ind_27015	United Kingdom	UK	-2.33119501692698	53.5432480069741	0.0341	0.0039
ind_27230	United Kingdom	UK	-2.33119501692698	53.5432480069741	0.0295	0.0059
ind_27634	United Kingdom	UK	-2.33119501692698	53.5432480069741	0.028	0.005
ind_28591	United Kingdom	UK	-2.33119501692698	53.5432480069741	0.0318	-0.0025
ind_28665	United Kingdom	UK	-2.33119501692698	53.5432480069741	0.0289	0.0025
ind_29385	United Kingdom	UK	-2.33119501692698	53.5432480069741	0.0253	0.0147
ind_30552	United Kingdom	UK	-2.33119501692698	53.5432480069741	0.0249	0.0173
ind_31017	United Kingdom	UK	-2.33119501692698	53.5432480069741	0.0348	-0.0174
ind_31696	United Kingdom	UK	-2.33119501692698	53.5432480069741	0.0268	0.0087
ind_33231	United Kingdom	UK	-2.33119501692698	53.5432480069741	0.0333	0.0027
ind_34382	Ireland	IE	-8.18040076502755	53.1966827266848	0.0352	0.0127
ind_34557	Ireland	IE	-8.18040076502755	53.1966827266848	0.0421	0.0163
ind_35266	United Kingdom	UK	-2.33119501692698	53.5432480069741	0.0267	-0.0109
ind_36063	United Kingdom	UK	-2.33119501692698	53.5432480069741	0.0254	0.0039
ind_36165	United Kingdom	UK	-2.33119501692698	53.5432480069741	0.0225	0.0065
ind_36261	United Kingdom	UK	-2.33119501692698	53.5432480069741	0.0298	-0.0016
ind_37693	Scotland	Sct	-3.2	55.95	0.0358	0.004
ind_38008	United Kingdom	UK	-2.33119501692698	53.5432480069741	0.0329	0.0066
ind_39064	United Kingdom	UK	-2.33119501692698	53.5432480069741	0.0331	0.008
ind_39528	Ireland	IE	-8.18040076502755	53.1966827266848	0.0343	0.0172
ind_40813	Italy	IT	12.5	42	-0.0212	0.0024
ind_45066	United Kingdom	UK	-2.33119501692698	53.5432480069741	0.0252	-0.0068
ind_45159	Germany	DE	10.3589016293772	51.0835556416166	0.0161	0.0013
ind_45656	Ireland	IE	-8.18040076502755	53.1966827266848	0.0266	0.0235
ind_45901	Ireland	IE	-8.18040076502755	53.1966827266848	0.0295	0.0105
ind_46570	Cyprus	CY	33.1996854536619	35.0981563694544	-0.0719	-0.0318
ind_48891	United Kingdom	UK	-2.33119501692698	53.5432480069741	0.0353	0.0072
ind_49319	United Kingdom	UK	-2.33119501692698	53.5432480069741	0.0319	0.0103
ind_199	Italy	IT	12.5	42	-0.0561	-0.019
ind_284	Italy	IT	12.5	42	-0.022	0.0051
ind_343	Portugal	PT	-8.0163924833239	39.5909680725474	-0.0272	0.0387
ind_777	Italy	IT	12.5	42	-0.0529	-0.0312
ind_935	Spain	ES	-3.56611484727657	40.3287080082217	-0.0217	0.0369
ind_1523	Italy	IT	12.5	42	-0.0507	-0.0172
ind_1628	Italy	IT	12.5	42	-0.0596	-0.0104
ind_1718	Spain	ES	-3.56611484727657	40.3287080082217	-0.015	0.0356
ind_1783	Spain	ES	-3.56611484727657	40.3287080082217	-0.0175	0.048
ind_1843	Italy	IT	12.5	42	-0.0385	-0.0085
ind_1934	Italy	IT	12.5	42	-0.0432	-0.0154
ind_2164	Italy	IT	12.5	42	-0.0204	-0.0052
ind_2578	Italy	IT	12.5	42	-0.0203	-6e-04
ind_2676	Italy	IT	12.5	42	-0.0401	-0.0317
ind_3091	Spain	ES	-3.56611484727657	40.3287080082217	-0.013	0.0459
ind_3829	Spain	ES	-3.56611484727657	40.3287080082217	-0.0114	0.0387
ind_3935	Spain	ES	-3.56611484727657	40.3287080082217	-0.01	0.0326
ind_4104	Greece	GR	22.7088465896785	40.0341318427376	-0.0605	-0.0128
ind_4385	Spain	ES	-3.56611484727657	40.3287080082217	-0.0209	0.0281
ind_4479	Italy	IT	12.5	42	-0.0349	-0.0177
ind_4539	Italy	IT	12.5	42	-0.02	-0.0011
ind_4760	Spain	ES	-3.56611484727657	40.3287080082217	-0.0198	0.0232
ind_4890	Spain	ES	-3.56611484727657	40.3287080082217	-0.0151	0.0265
ind_4980	Spain	ES	-3.56611484727657	40.3287080082217	-0.016	0.0335
ind_5397	Spain	ES	-3.56611484727657	40.3287080082217	-0.01	0.0443
ind_5438	Spain	ES	-3.56611484727657	40.3287080082217	-0.0197	0.0433
ind_5441	Italy	IT	12.5	42	-0.0367	-0.0082
ind_5494	Spain	ES	-3.56611484727657	40.3287080082217	-0.0111	0.0366
ind_5613	Spain	ES	-3.56611484727657	40.3287080082217	-0.0171	0.0523
ind_5714	Italy	IT	12.5	42	-0.0502	-0.0347
ind_6129	Italy	IT	12.5	42	-0.0523	-0.0283
ind_6429	Spain	ES	-3.56611484727657	40.3287080082217	-0.0126	0.0417
ind_6717	Spain	ES	-3.56611484727657	40.3287080082217	-0.0143	0.042
ind_7000	Italy	IT	12.5	42	-0.0591	-0.0152
ind_7526	Spain	ES	-3.56611484727657	40.3287080082217	-0.0206	0.0381
ind_8326	Spain	ES	-3.56611484727657	40.3287080082217	-0.021	0.0361
ind_8581	Greece	GR	22.7088465896785	40.0341318427376	-0.0316	-0.0409
ind_8658	Spain	ES	-3.56611484727657	40.3287080082217	-0.0168	0.0487
ind_8709	Portugal	PT	-8.0163924833239	39.5909680725474	-0.0178	0.0356
ind_8970	Spain	ES	-3.56611484727657	40.3287080082217	-0.0153	0.0494
ind_9411	Italy	IT	12.5	42	-0.0607	-0.0217
ind_9524	Italy	IT	12.5	42	-0.0178	-0.0079
ind_9763	Italy	IT	12.5	42	-0.0494	-0.0157
ind_9838	Italy	IT	12.5	42	-0.0152	-0.0148
ind_9897	Italy	IT	12.5	42	-0.0492	-0.0131
ind_10049	Portugal	PT	-8.0163924833239	39.5909680725474	-0.0204	0.0452
ind_10916	Italy	IT	12.5	42	-0.0242	-0.005
ind_11113	Italy	IT	12.5	42	-0.04	-0.0238
ind_11311	Italy	IT	12.5	42	-0.0503	-0.0343
ind_11610	Greece	GR	22.7088465896785	40.0341318427376	-0.033	-0.0505
ind_12019	Italy	IT	12.5	42	-0.0407	-0.0136
ind_12549	Italy	IT	12.5	42	-0.0597	-0.0261
ind_13024	Italy	IT	12.5	42	-0.0214	0.0028
ind_13148	Italy	IT	12.5	42	-0.0253	-0.0107
ind_13149	Italy	IT	12.5	42	-0.0514	-0.0184
ind_13185	Italy	IT	12.5	42	-0.0514	-0.0161
ind_13720	Spain	ES	-3.56611484727657	40.3287080082217	-0.0148	0.0435
ind_13877	Spain	ES	-3.56611484727657	40.3287080082217	-0.0176	0.0447
ind_13906	Italy	IT	12.5	42	-0.0577	-0.0233
ind_13917	Portugal	PT	-8.0163924833239	39.5909680725474	-0.0133	0.0316
ind_14220	Spain	ES	-3.56611484727657	40.3287080082217	-0.0139	0.0391
ind_14363	Spain	ES	-3.56611484727657	40.3287080082217	-0.0088	0.0423
ind_14625	Italy	IT	12.5	42	-0.0167	-3e-04
ind_14759	Italy	IT	12.5	42	-0.0344	-0.0176
ind_14899	Italy	IT	12.5	42	-0.0602	-0.0192
ind_15013	Italy	IT	12.5	42	-0.0433	-0.0248
ind_15483	Italy	IT	12.5	42	-0.0439	-0.019
ind_16270	Italy	IT	12.5	42	-0.051	-0.0279
ind_16543	Spain	ES	-3.56611484727657	40.3287080082217	-0.0202	0.0331
ind_16551	Italy	IT	12.5	42	-0.0183	-0.0146
ind_16653	Italy	IT	12.5	42	-0.013	-0.0242
ind_16823	Spain	ES	-3.56611484727657	40.3287080082217	-0.0224	0.0363
ind_16947	Spain	ES	-3.56611484727657	40.3287080082217	-0.0187	0.0447
ind_17890	Italy	IT	12.5	42	-0.0505	-0.0239
ind_18188	Italy	IT	12.5	42	-0.0364	0.0028
ind_18222	Italy	IT	12.5	42	-0.0531	-0.0127
ind_18233	Spain	ES	-3.56611484727657	40.3287080082217	-0.0161	0.045
ind_18547	Portugal	PT	-8.0163924833239	39.5909680725474	-0.0207	0.0501
ind_18592	Spain	ES	-3.56611484727657	40.3287080082217	-0.0159	0.0481
ind_18880	Italy	IT	12.5	42	-0.053	-0.0237
ind_18996	Italy	IT	12.5	42	-0.0605	-0.0141
ind_19054	Spain	ES	-3.56611484727657	40.3287080082217	-0.0067	0.0298
ind_19702	Italy	IT	12.5	42	-0.0485	-0.0199
ind_19876	Spain	ES	-3.56611484727657	40.3287080082217	-0.0233	0.0316
ind_20011	Italy	IT	12.5	42	-0.0594	-0.0189
ind_20365	Spain	ES	-3.56611484727657	40.3287080082217	-0.0223	0.0331
ind_20507	Italy	IT	12.5	42	-0.0522	-0.0145
ind_21270	Spain	ES	-3.56611484727657	40.3287080082217	-0.0194	0.0417
ind_21365	Italy	IT	12.5	42	-0.0435	-0.0207
ind_21367	Spain	ES	-3.56611484727657	40.3287080082217	-0.0144	0.0311
ind_21593	Italy	IT	12.5	42	-0.029	-1e-04
ind_21865	Italy	IT	12.5	42	-0.0492	-0.0301
ind_21973	Italy	IT	12.5	42	-0.0098	-0.0098
ind_22045	Spain	ES	-3.56611484727657	40.3287080082217	-0.016	0.0277
ind_22227	Italy	IT	12.5	42	-0.0595	-3e-04
ind_22257	Italy	IT	12.5	42	-0.0492	-0.0171
ind_22266	Italy	IT	12.5	42	-0.0415	-0.0266
ind_22363	Spain	ES	-3.56611484727657	40.3287080082217	-0.0084	0.0137
ind_22628	Italy	IT	12.5	42	-0.0094	-0.0166
ind_23364	Italy	IT	12.5	42	-0.0042	-0.0112
ind_23842	Italy	IT	12.5	42	-0.0414	-0.028
ind_24438	Spain	ES	-3.56611484727657	40.3287080082217	-0.0091	0.0265
ind_24499	Italy	IT	12.5	42	-0.0537	-0.0188
ind_24623	Spain	ES	-3.56611484727657	40.3287080082217	-0.0102	0.0481
ind_24625	Italy	IT	12.5	42	-0.0572	-0.0152
ind_24735	Spain	ES	-3.56611484727657	40.3287080082217	-0.0093	0.0449
ind_24837	Italy	IT	12.5	42	-0.022	0.0064
ind_25058	Portugal	PT	-8.0163924833239	39.5909680725474	-0.0166	0.0407
ind_25077	Italy	IT	12.5	42	-0.0392	-0.0135
ind_25476	Portugal	PT	-8.0163924833239	39.5909680725474	-0.0149	0.0544
ind_25674	Italy	IT	12.5	42	-0.0042	-0.0069
ind_25801	Spain	ES	-3.56611484727657	40.3287080082217	-0.0098	0.0138
ind_26684	Spain	ES	-3.56611484727657	40.3287080082217	-0.0198	0.03
ind_28914	Portugal	PT	-8.0163924833239	39.5909680725474	-0.0201	0.0401
ind_29315	Spain	ES	-3.56611484727657	40.3287080082217	-0.0125	0.0402
ind_29424	Italy	IT	12.5	42	-0.0388	-0.021
ind_29604	Italy	IT	12.5	42	-0.0482	-0.0347
ind_29607	Italy	IT	12.5	42	-0.0534	-0.0123
ind_29686	Spain	ES	-3.56611484727657	40.3287080082217	-0.0099	0.0182
ind_29824	Portugal	PT	-8.0163924833239	39.5909680725474	-0.0231	0.041
ind_30215	Spain	ES	-3.56611484727657	40.3287080082217	-0.0145	0.0447
ind_30250	Turkey	TR	35.4099851969245	39.0611878403777	-0.0503	-0.083
ind_30553	Spain	ES	-3.56611484727657	40.3287080082217	-0.0083	0.0292
ind_30668	Italy	IT	12.5	42	-0.0352	-0.0074
ind_30893	Italy	IT	12.5	42	-0.0531	-0.0223
ind_30956	Spain	ES	-3.56611484727657	40.3287080082217	-0.0098	0.0341
ind_31065	Italy	IT	12.5	42	-0.019	-0.0115
ind_31442	Greece	GR	22.7088465896785	40.0341318427376	-0.0496	-0.0275
ind_31562	Portugal	PT	-8.0163924833239	39.5909680725474	-0.0189	0.0325
ind_31931	Spain	ES	-3.56611484727657	40.3287080082217	-0.0194	0.0392
ind_31959	Spain	ES	-3.56611484727657	40.3287080082217	-0.0197	0.0354
ind_32135	Italy	IT	12.5	42	-0.0528	-0.0212
ind_32267	Spain	ES	-3.56611484727657	40.3287080082217	-0.0216	0.0461
ind_32343	Turkey	TR	35.4099851969245	39.0611878403777	-0.062	-0.0692
ind_32394	Greece	GR	22.7088465896785	40.0341318427376	-0.0449	-0.0382
ind_32446	Spain	ES	-3.56611484727657	40.3287080082217	-0.0124	0.0339
ind_32999	Spain	ES	-3.56611484727657	40.3287080082217	-0.013	0.0289
ind_33069	Italy	IT	12.5	42	-0.0494	-0.0315
ind_33104	Italy	IT	12.5	42	-0.0487	-0.0186
ind_33171	Italy	IT	12.5	42	-0.0591	-0.0251
ind_33225	Italy	IT	12.5	42	-0.0523	-0.0214
ind_33242	Italy	IT	12.5	42	-0.0539	0.039
ind_33344	Italy	IT	12.5	42	-0.0545	-0.0157
ind_33408	Portugal	PT	-8.0163924833239	39.5909680725474	-0.0157	0.0224
ind_33432	Spain	ES	-3.56611484727657	40.3287080082217	-0.0106	0.031
ind_33659	Italy	IT	12.5	42	-0.041	-0.0156
ind_33904	Italy	IT	12.5	42	-0.0565	-0.0328
ind_33942	Spain	ES	-3.56611484727657	40.3287080082217	-0.0146	0.0423
ind_34042	Spain	ES	-3.56611484727657	40.3287080082217	-0.0113	0.0392
ind_34213	Italy	IT	12.5	42	-0.0347	-0.0264
ind_34982	Italy	IT	12.5	42	-0.0198	0.0025
ind_35010	Spain	ES	-3.56611484727657	40.3287080082217	-0.0186	0.0369
ind_35545	Spain	ES	-3.56611484727657	40.3287080082217	-0.0171	0.0318
ind_35613	Spain	ES	-3.56611484727657	40.3287080082217	-0.0093	0.0401
ind_36021	Spain	ES	-3.56611484727657	40.3287080082217	-0.015	0.0426
ind_36841	Portugal	PT	-8.0163924833239	39.5909680725474	-0.0183	0.0409
ind_37210	Spain	ES	-3.56611484727657	40.3287080082217	-0.0101	0.0341
ind_37706	Spain	ES	-3.56611484727657	40.3287080082217	-0.0106	0.0388
ind_37909	Spain	ES	-3.56611484727657	40.3287080082217	-0.012	0.0306
ind_38148	Spain	ES	-3.56611484727657	40.3287080082217	-0.0031	0.0432
ind_38485	Spain	ES	-3.56611484727657	40.3287080082217	-0.026	0.0334
ind_38651	Spain	ES	-3.56611484727657	40.3287080082217	-0.0191	0.0453
ind_38671	Italy	IT	12.5	42	-0.0384	-0.0275
ind_38781	Italy	IT	12.5	42	-0.0476	-0.0244
ind_38803	Spain	ES	-3.56611484727657	40.3287080082217	-0.0222	0.0389
ind_38989	Italy	IT	12.5	42	-0.0637	-0.0073
ind_39170	Spain	ES	-3.56611484727657	40.3287080082217	-0.0115	0.0424
ind_39172	Spain	ES	-3.56611484727657	40.3287080082217	-0.018	0.0484
ind_39209	Italy	IT	12.5	42	-0.0206	-0.0118
ind_39496	Italy	IT	12.5	42	-0.0325	-0.0175
ind_39684	Italy	IT	12.5	42	-0.0172	-0.0016
ind_40239	Italy	IT	12.5	42	-0.0262	-0.0177
ind_40316	Portugal	PT	-8.0163924833239	39.5909680725474	-0.0223	0.0354
ind_40438	Italy	IT	12.5	42	-0.0458	-0.034
ind_40503	Spain	ES	-3.56611484727657	40.3287080082217	-0.0161	0.0467
ind_40534	Italy	IT	12.5	42	-0.0542	-0.0222
ind_40713	Italy	IT	12.5	42	-0.0462	-0.0099
ind_40792	Spain	ES	-3.56611484727657	40.3287080082217	-0.0164	0.0307
ind_41065	Portugal	PT	-8.0163924833239	39.5909680725474	-0.0185	0.0363
ind_41127	Portugal	PT	-8.0163924833239	39.5909680725474	-0.0238	0.0435
ind_41661	Italy	IT	12.5	42	-0.0167	0.0068
ind_42181	Turkey	TR	35.4099851969245	39.0611878403777	-0.0427	-0.0689
ind_42888	Italy	IT	12.5	42	-0.0501	-0.0229
ind_42892	Portugal	PT	-8.0163924833239	39.5909680725474	-0.0182	0.0274
ind_43217	Spain	ES	-3.56611484727657	40.3287080082217	-0.0141	0.0369
ind_43320	Italy	IT	12.5	42	-0.0336	-0.0175
ind_43397	Italy	IT	12.5	42	-0.0314	-0.0022
ind_44017	Spain	ES	-3.56611484727657	40.3287080082217	-0.021	0.0342
ind_44207	Spain	ES	-3.56611484727657	40.3287080082217	-0.0202	0.0452
ind_44221	Italy	IT	12.5	42	-0.047	-0.0205
ind_44434	Spain	ES	-3.56611484727657	40.3287080082217	-0.027	0.0201
ind_44633	Italy	IT	12.5	42	-0.0268	-0.0062
ind_44902	Italy	IT	12.5	42	-0.0023	-0.0425
ind_44942	Spain	ES	-3.56611484727657	40.3287080082217	-0.0232	0.0426
ind_45126	Italy	IT	12.5	42	-0.0502	-0.0208
ind_45151	Spain	ES	-3.56611484727657	40.3287080082217	-0.0168	0.0378
ind_45183	Spain	ES	-3.56611484727657	40.3287080082217	-0.0106	0.0247
ind_45202	Italy	IT	12.5	42	-0.0177	-0.0054
ind_45489	Spain	ES	-3.56611484727657	40.3287080082217	-0.0245	0.0408
ind_45750	Spain	ES	-3.56611484727657	40.3287080082217	-0.0202	0.0417
ind_45867	Spain	ES	-3.56611484727657	40.3287080082217	-0.0129	0.0324
ind_46128	Portugal	PT	-8.0163924833239	39.5909680725474	-0.0204	0.0405
ind_46373	Turkey	TR	35.4099851969245	39.0611878403777	-0.0544	-0.0571
ind_46529	Italy	IT	12.5	42	-0.0081	0.0015
ind_47033	Spain	ES	-3.56611484727657	40.3287080082217	-0.0153	0.0226
ind_47093	Italy	IT	12.5	42	-0.0262	-0.0201
ind_47244	Italy	IT	12.5	42	-0.0402	-0.0263
ind_47370	Spain	ES	-3.56611484727657	40.3287080082217	-0.0086	0.042
ind_47384	Italy	IT	12.5	42	-0.043	-0.0216
ind_47581	Italy	IT	12.5	42	-0.022	0.001
ind_47741	Greece	GR	22.7088465896785	40.0341318427376	-0.0398	-0.0465
ind_47795	Italy	IT	12.5	42	-0.0478	-0.0233
ind_47920	Italy	IT	12.5	42	-0.02	0.0059
ind_47973	Italy	IT	12.5	42	-0.0237	-0.0093
ind_48993	Spain	ES	-3.56611484727657	40.3287080082217	-0.0156	0.0371
ind_49133	Italy	IT	12.5	42	-0.0485	-0.0164
ind_49210	Spain	ES	-3.56611484727657	40.3287080082217	-0.0085	0.0297
ind_49294	Portugal	PT	-8.0163924833239	39.5909680725474	-0.0164	0.0295
ind_49352	Italy	IT	12.5	42	-0.0594	-0.0272
ind_49500	Italy	IT	12.5	42	-0.0459	0.0464
ind_109	Italy	IT	12.5	42	-0.0182	0.0012
ind_752	Portugal	PT	-8.0163924833239	39.5909680725474	-0.0226	0.0446
ind_1756	Swiss-French	CH	6.15	46.2	0.0071	-6e-04
ind_2093	Swiss-French	CH	6.15	46.2	0.0063	0.0041
ind_2224	Swiss-German	CH	8.55	47.36	0.0113	-4e-04
ind_2232	Swiss-French	CH	6.15	46.2	0.0021	0.0057
ind_2431	Swiss-Italian	CH	8.95	46	-0.0165	-0.0084
ind_2989	Italy	IT	12.5	42	-0.0494	-0.0178
ind_3685	Belgium	BE	4.61479191810973	50.6615342351454	0.0203	-0.0107
ind_4148	Italy	IT	12.5	42	-0.0431	-0.0197
ind_4316	Spain	ES	-3.56611484727657	40.3287080082217	-0.0231	0.0577
ind_4719	Spain	ES	-3.56611484727657	40.3287080082217	-0.0155	0.0175
ind_4854	France	FR	2.39432767075193	46.6058680055316	7e-04	0.0268
ind_6173	Portugal	PT	-8.0163924833239	39.5909680725474	-0.0203	0.0397
ind_6483	Swiss-French	CH	6.15	46.2	0.0082	0.0102
ind_7898	Swiss-French	CH	6.15	46.2	0.0104	-0.0029
ind_8373	Italy	IT	12.5	42	-0.0433	-0.0087
ind_9778	Spain	ES	-3.56611484727657	40.3287080082217	-0.0194	0.0434
ind_9876	Belgium	BE	4.61479191810973	50.6615342351454	0.0165	0.0019
ind_10003	Portugal	PT	-8.0163924833239	39.5909680725474	-0.0156	0.0423
ind_10138	Swiss-French	CH	6.15	46.2	0.0097	0.0037
ind_11421	Portugal	PT	-8.0163924833239	39.5909680725474	-0.0199	0.0387
ind_11947	Belgium	BE	4.61479191810973	50.6615342351454	0.0213	-0.0039
ind_12376	Italy	IT	12.5	42	-0.0428	-0.021
ind_12706	Italy	IT	12.5	42	-0.0433	-0.0223
ind_13048	Swiss-French	CH	6.15	46.2	0.0074	0.0078
ind_13173	Italy	IT	12.5	42	-0.0434	-0.0139
ind_13883	Germany	DE	10.3589016293772	51.0835556416166	0.018	-0.0109
ind_14138	Swiss-German	CH	8.55	47.36	0.0083	-0.0113
ind_14411	Swiss-French	CH	6.15	46.2	0.0046	-9e-04
ind_14571	Swiss-German	CH	8.55	47.36	0.0094	-0.0081
ind_15045	Belgium	BE	4.61479191810973	50.6615342351454	0.006	-0.0023
ind_15060	Portugal	PT	-8.0163924833239	39.5909680725474	-0.0189	0.0304
ind_15904	Italy	IT	12.5	42	-0.0463	-0.0061
ind_16109	Swiss-German	CH	8.55	47.36	0.0184	5e-04
ind_16127	Swiss-French	CH	6.15	46.2	0.0071	-0.0025
ind_16147	Italy	IT	12.5	42	-0.0496	-0.0273
ind_16530	Austria	AT	14.1174253717318	47.59249681831	0.0084	-0.0273
ind_17560	Swiss-German	CH	8.55	47.36	0.0137	-0.0158
ind_17810	Italy	IT	12.5	42	-0.049	-0.0221
ind_18278	Spain	ES	-3.56611484727657	40.3287080082217	-0.0126	0.042
ind_18545	Swiss-German	CH	8.55	47.36	0.0125	0.0031
ind_18905	France	FR	2.39432767075193	46.6058680055316	-0.0097	1e-04
ind_19137	Italy	IT	12.5	42	-0.0079	0.0016
ind_19256	France	FR	2.39432767075193	46.6058680055316	0.006	0.0143
ind_19657	Germany	DE	10.3589016293772	51.0835556416166	0.0182	-0.0086
ind_20556	Italy	IT	12.5	42	-0.0273	-0.0051
ind_21085	Belgium	BE	4.61479191810973	50.6615342351454	0.0154	-0.0016
ind_21437	Portugal	PT	-8.0163924833239	39.5909680725474	-0.0231	0.04
ind_22147	Portugal	PT	-8.0163924833239	39.5909680725474	-0.0181	0.0421
ind_22390	Swiss-French	CH	6.15	46.2	0.0052	-4e-04
ind_22834	France	FR	2.39432767075193	46.6058680055316	0.0111	0.0054
ind_23292	Swiss-French	CH	6.15	46.2	0.0026	0.0059
ind_23389	France	FR	2.39432767075193	46.6058680055316	0.0081	0.0177
ind_24029	Swiss-French	CH	6.15	46.2	-0.0021	0.0086
ind_24082	Spain	ES	-3.56611484727657	40.3287080082217	-0.0228	0.0445
ind_24432	Swiss-Italian	CH	8.95	46	-0.0141	-0.0064
ind_24654	Swiss-French	CH	6.15	46.2	-2e-04	0.0031
ind_24681	Portugal	PT	-8.0163924833239	39.5909680725474	-0.0127	0.0492
ind_24957	Swiss-German	CH	8.55	47.36	0.013	-3e-04
ind_25681	France	FR	2.39432767075193	46.6058680055316	0.0087	0.0045
ind_25999	Swiss-French	CH	6.15	46.2	0.017	0.0182
ind_26544	Swiss-German	CH	8.55	47.36	0.0029	-0.0076
ind_26734	Swiss-French	CH	6.15	46.2	0.0042	0.0063
ind_26790	France	FR	2.39432767075193	46.6058680055316	0.0053	0.0163
ind_27592	France	FR	2.39432767075193	46.6058680055316	-0.0081	0.0426
ind_27788	Swiss-French	CH	6.15	46.2	0.006	0.0036
ind_27958	Greece	GR	22.7088465896785	40.0341318427376	-0.0354	-0.0421
ind_28098	France	FR	2.39432767075193	46.6058680055316	-0.0049	0.0194
ind_28361	Swiss-French	CH	6.15	46.2	0.0039	-0.0052
ind_29461	Spain	ES	-3.56611484727657	40.3287080082217	-0.0157	0.0344
ind_29511	Italy	IT	12.5	42	-0.0468	-0.0236
ind_29542	Portugal	PT	-8.0163924833239	39.5909680725474	-0.0148	0.0391
ind_30031	Serbia and Montenegro	RS	20.6157230848337	43.9494926410995	0.0031	-0.0448
ind_30105	Swiss-German	CH	8.55	47.36	0.0085	-0.0025
ind_30204	Spain	ES	-3.56611484727657	40.3287080082217	-0.0182	0.0298
ind_30578	Swiss-German	CH	8.55	47.36	0.0092	-0.0028
ind_30826	Swiss-French	CH	6.15	46.2	0.0083	0.0056
ind_31014	Swiss-French	CH	6.15	46.2	0.0086	0.0133
ind_31186	Germany	DE	10.3589016293772	51.0835556416166	0.0116	-0.0112
ind_31341	Swiss-French	CH	6.15	46.2	0.0061	0.0106
ind_31420	Germany	DE	10.3589016293772	51.0835556416166	0.0328	-0.0323
ind_32106	Italy	IT	12.5	42	-0.0578	-0.0269
ind_32722	Swiss-German	CH	8.55	47.36	0.0105	-0.0122
ind_33326	Swiss-French	CH	6.15	46.2	0.0109	-0.0131
ind_33530	Swiss-German	CH	8.55	47.36	0.0084	-0.0017
ind_35628	Portugal	PT	-8.0163924833239	39.5909680725474	-0.0173	0.0235
ind_35683	France	FR	2.39432767075193	46.6058680055316	0.009	0.023
ind_36127	Portugal	PT	-8.0163924833239	39.5909680725474	-0.0176	0.0462
ind_36461	Swiss-French	CH	6.15	46.2	0.0015	-0.0072
ind_38469	Portugal	PT	-8.0163924833239	39.5909680725474	-0.019	0.0382
ind_38732	Spain	ES	-3.56611484727657	40.3287080082217	-0.0129	0.0392
ind_38980	Swiss-French	CH	6.15	46.2	0.0067	0.0058
ind_40488	Italy	IT	12.5	42	-0.0246	-0.0119
ind_40750	Spain	ES	-3.56611484727657	40.3287080082217	-0.0168	0.0409
ind_41140	Swiss-German	CH	8.55	47.36	0.0099	-0.0071
ind_41407	Portugal	PT	-8.0163924833239	39.5909680725474	-0.0171	0.0368
ind_41883	Swiss-French	CH	6.15	46.2	0.006	-0.0037
ind_42035	Swiss-French	CH	6.15	46.2	0.0111	0.0024
ind_42207	Portugal	PT	-8.0163924833239	39.5909680725474	-0.0198	0.0553
ind_42570	Germany	DE	10.3589016293772	51.0835556416166	0.03	-0.0313
ind_42962	Portugal	PT	-8.0163924833239	39.5909680725474	-0.0175	0.0404
ind_43161	France	FR	2.39432767075193	46.6058680055316	0.0021	0.0039
ind_43467	Swiss-French	CH	6.15	46.2	0.0038	0.0104
ind_44075	Swiss-German	CH	8.55	47.36	0.0038	-0.0013
ind_44143	Poland	PL	19.3946076487790	52.14189866452	0.0285	-0.0311
ind_44500	Swiss-German	CH	8.55	47.36	0.0187	-0.0118
ind_44556	Italy	IT	12.5	42	0.0048	0.0179
ind_45019	Italy	IT	12.5	42	-0.0096	-0.0114
ind_45769	Sweden	SE	18	59.35	0.0393	-0.0228
ind_46664	Swiss-French	CH	6.15	46.2	0.0128	0.0048
ind_47078	Swiss-French	CH	6.15	46.2	0.0078	0.0044
ind_48136	Portugal	PT	-8.0163924833239	39.5909680725474	-0.0181	0.047
ind_48475	Sweden	SE	18	59.35	0.0476	-0.0189
ind_48477	Swiss-French	CH	6.15	46.2	0.0038	0.0036
ind_49013	France	FR	2.39432767075193	46.6058680055316	0.0078	-0.0035
ind_49080	Spain	ES	-3.56611484727657	40.3287080082217	-0.0136	0.0388
ind_49266	Swiss-French	CH	6.15	46.2	0.0017	-0.0041
ind_49777	Italy	IT	12.5	42	-0.0146	-0.0131
ind_49800	France	FR	2.39432767075193	46.6058680055316	0.0195	0.0077
ind_683	Italy	IT	12.5	42	-0.047	-0.0228
ind_822	Swiss-Italian	CH	8.95	46	-0.0175	0.0033
ind_845	Portugal	PT	-8.0163924833239	39.5909680725474	-0.0232	0.0497
ind_1788	Italy	IT	12.5	42	-0.0477	-0.0172
ind_2035	France	FR	2.39432767075193	46.6058680055316	0.0101	0.0103
ind_2233	Italy	IT	12.5	42	-0.0198	-0.0045
ind_2878	Portugal	PT	-8.0163924833239	39.5909680725474	-0.0134	0.0282
ind_3153	Swiss-French	CH	6.15	46.2	0.0094	0.0038
ind_3483	Netherlands	NL	5.66711565691123	52.2661386478456	0.0353	-0.0114
ind_4133	Belgium	BE	4.61479191810973	50.6615342351454	0.0169	0.0028
ind_4488	Portugal	PT	-8.0163924833239	39.5909680725474	-0.0216	0.0521
ind_5475	Spain	ES	-3.56611484727657	40.3287080082217	-0.0147	0.0507
ind_5589	Germany	DE	10.3589016293772	51.0835556416166	0.0246	-0.0444
ind_7030	France	FR	2.39432767075193	46.6058680055316	0.0056	0.0221
ind_7292	Spain	ES	-3.56611484727657	40.3287080082217	-0.0111	0.039
ind_7466	France	FR	2.39432767075193	46.6058680055316	-0.0021	0.0123
ind_7623	Italy	IT	12.5	42	-0.0501	0.0537
ind_7652	Italy	IT	12.5	42	-0.0191	0.0078
ind_7745	Swiss-French	CH	6.15	46.2	0.0023	0.0151
ind_8345	Austria	AT	14.1174253717318	47.59249681831	0.0114	-0.0242
ind_8641	Swiss-French	CH	6.15	46.2	0.0019	-0.0082
ind_8903	Portugal	PT	-8.0163924833239	39.5909680725474	-0.0195	0.0284
ind_9754	Spain	ES	-3.56611484727657	40.3287080082217	-0.0144	0.0329
ind_10443	France	FR	2.39432767075193	46.6058680055316	0.0162	0.0176
ind_10465	Austria	AT	14.1174253717318	47.59249681831	0.0112	-0.0101
ind_10934	Italy	IT	12.5	42	-0.021	-0.0023
ind_11433	France	FR	2.39432767075193	46.6058680055316	0.0133	0.0068
ind_11806	Portugal	PT	-8.0163924833239	39.5909680725474	-0.0147	0.038
ind_13565	Portugal	PT	-8.0163924833239	39.5909680725474	-0.0161	0.0408
ind_13901	Italy	IT	12.5	42	-0.0494	-0.0247
ind_14798	France	FR	2.39432767075193	46.6058680055316	0.006	0.0065
ind_15480	Swiss-German	CH	8.55	47.36	0.0147	-0.0053
ind_15686	France	FR	2.39432767075193	46.6058680055316	0.0075	0.0089
ind_15854	Swiss-German	CH	8.55	47.36	0.0166	-0.0019
ind_16337	Italy	IT	12.5	42	-0.0163	-0.0012
ind_16504	Swiss-French	CH	6.15	46.2	0.0018	-0.0095
ind_16550	France	FR	2.39432767075193	46.6058680055316	0.0044	0.0033
ind_16737	Italy	IT	12.5	42	-0.0381	-0.0225
ind_17681	Italy	IT	12.5	42	-0.0496	-0.0264
ind_18200	Germany	DE	10.3589016293772	51.0835556416166	0.024	-0.0195
ind_19151	Swiss-German	CH	8.55	47.36	0.0115	-0.0023
ind_20050	Swiss-French	CH	6.15	46.2	0.006	0.0125
ind_21657	Swiss-French	CH	6.15	46.2	0.0074	-0.0047
ind_22454	Italy	IT	12.5	42	-0.0186	4e-04
ind_22632	Swiss-German	CH	8.55	47.36	0.0093	2e-04
ind_23282	France	FR	2.39432767075193	46.6058680055316	0.007	0.0077
ind_23635	Portugal	PT	-8.0163924833239	39.5909680725474	-0.0175	0.0405
ind_24212	Belgium	BE	4.61479191810973	50.6615342351454	0.024	-0.0111
ind_24255	Italy	IT	12.5	42	-0.0185	-0.007
ind_24261	France	FR	2.39432767075193	46.6058680055316	-6e-04	0.0177
ind_24266	Portugal	PT	-8.0163924833239	39.5909680725474	-0.0187	0.0477
ind_24923	Spain	ES	-3.56611484727657	40.3287080082217	-0.013	0.0266
ind_25289	Portugal	PT	-8.0163924833239	39.5909680725474	-0.0166	0.0477
ind_26385	Portugal	PT	-8.0163924833239	39.5909680725474	-0.0168	0.0325
ind_26466	Portugal	PT	-8.0163924833239	39.5909680725474	-0.0182	0.0408
ind_27085	Belgium	BE	4.61479191810973	50.6615342351454	0.0233	-0.0067
ind_27302	Belgium	BE	4.61479191810973	50.6615342351454	0.0204	9e-04
ind_27494	Swiss-German	CH	8.55	47.36	0.0104	0.0019
ind_27766	Portugal	PT	-8.0163924833239	39.5909680725474	-0.0221	0.0423
ind_28226	Italy	IT	12.5	42	-0.0301	7e-04
ind_28469	Swiss-French	CH	6.15	46.2	0.0077	-0.0102
ind_28594	Swiss-French	CH	6.15	46.2	0.0044	9e-04
ind_28794	Swiss-German	CH	8.55	47.36	0.0082	0
ind_28843	Swiss-French	CH	6.15	46.2	0.0055	-0.0058
ind_28853	Swiss-German	CH	8.55	47.36	0.0039	-0.0047
ind_29471	Portugal	PT	-8.0163924833239	39.5909680725474	-0.0186	0.0379
ind_29711	Portugal	PT	-8.0163924833239	39.5909680725474	-0.0242	0.0451
ind_29754	Portugal	PT	-8.0163924833239	39.5909680725474	-0.0191	0.0371
ind_29883	Italy	IT	12.5	42	-0.0526	-0.0164
ind_29966	Italy	IT	12.5	42	-0.0248	0
ind_30003	Spain	ES	-3.56611484727657	40.3287080082217	-0.0156	0.0433
ind_30071	Swiss-Italian	CH	8.95	46	0.0096	-0.0025
ind_30072	Swiss-French	CH	6.15	46.2	0.0054	0.0025
ind_30442	Swiss-French	CH	6.15	46.2	0.0128	-0.0105
ind_31270	Portugal	PT	-8.0163924833239	39.5909680725474	-0.0171	0.0368
ind_31454	Portugal	PT	-8.0163924833239	39.5909680725474	-0.0199	0.0381
ind_32540	Swiss-German	CH	8.55	47.36	-0.005	-0.0139
ind_32886	Italy	IT	12.5	42	0.0075	-0.0296
ind_32893	Romania	RO	24.9821171437008	45.8858243977516	-0.0049	-0.0487
ind_33068	France	FR	2.39432767075193	46.6058680055316	-0.0097	-0.0105
ind_33124	France	FR	2.39432767075193	46.6058680055316	0.0049	0.0085
ind_34341	Portugal	PT	-8.0163924833239	39.5909680725474	-0.0161	0.0315
ind_35089	Swiss-German	CH	8.55	47.36	0.0101	-0.0056
ind_35506	Italy	IT	12.5	42	-0.0259	-0.0227
ind_35754	Swiss-German	CH	8.55	47.36	0.006	-0.004
ind_36013	Swiss-French	CH	6.15	46.2	0.0097	-0.0059
ind_36469	France	FR	2.39432767075193	46.6058680055316	0.0043	0.0067
ind_37007	Portugal	PT	-8.0163924833239	39.5909680725474	-0.0123	0.0409
ind_37417	Belgium	BE	4.61479191810973	50.6615342351454	0.0255	-0.0028
ind_37822	Swiss-German	CH	8.55	47.36	0.0165	-0.0027
ind_37852	Italy	IT	12.5	42	-0.0515	-0.0178
ind_38046	Swiss-French	CH	6.15	46.2	0.014	0.0097
ind_38532	Italy	IT	12.5	42	-0.0542	0.0347
ind_38739	Portugal	PT	-8.0163924833239	39.5909680725474	-0.0144	0.0397
ind_38848	Italy	IT	12.5	42	-0.0244	-0.0054
ind_39967	Poland	PL	19.3946076487790	52.14189866452	0.0365	-0.0548
ind_40683	Swiss-German	CH	8.55	47.36	0.0056	-0.001
ind_40739	Italy	IT	12.5	42	-0.0446	-0.0267
ind_41009	Swiss-French	CH	6.15	46.2	0.0052	0.005
ind_41520	Germany	DE	10.3589016293772	51.0835556416166	0.0121	-0.0051
ind_42555	Belgium	BE	4.61479191810973	50.6615342351454	0.0157	0.0058
ind_43003	Portugal	PT	-8.0163924833239	39.5909680725474	-0.0198	0.0371
ind_43017	Swiss-French	CH	6.15	46.2	0.0062	0.0038
ind_43075	France	FR	2.39432767075193	46.6058680055316	0.0247	0.0122
ind_43422	Italy	IT	12.5	42	-0.0351	-0.0122
ind_43529	Swiss-German	CH	8.55	47.36	0.0072	-6e-04
ind_43791	Italy	IT	12.5	42	-0.055	-0.0196
ind_44722	Portugal	PT	-8.0163924833239	39.5909680725474	-0.0172	0.0398
ind_44850	Swiss-German	CH	8.55	47.36	0.0017	-0.01
ind_44868	Swiss-French	CH	6.15	46.2	0.0036	0.0079
ind_45291	Portugal	PT	-8.0163924833239	39.5909680725474	-0.0226	0.0437
ind_45911	Swiss-French	CH	6.15	46.2	0.0066	3e-04
ind_46048	Netherlands	NL	5.66711565691123	52.2661386478456	0.029	0.0027
ind_46057	Germany	DE	10.3589016293772	51.0835556416166	0.0023	-0.0187
ind_46469	Swiss-German	CH	8.55	47.36	0.0041	-0.0045
ind_46656	Swiss-German	CH	8.55	47.36	0.0145	-0.0057
ind_46763	Swiss-German	CH	8.55	47.36	0.0019	-0.0044
ind_47152	France	FR	2.39432767075193	46.6058680055316	-0.0171	0.0185
ind_47276	Swiss-French	CH	6.15	46.2	-0.0015	0.0079
ind_47546	Austria	AT	14.1174253717318	47.59249681831	0.0224	-0.0414
ind_47614	Portugal	PT	-8.0163924833239	39.5909680725474	-0.036	-0.0221
ind_47957	Portugal	PT	-8.0163924833239	39.5909680725474	-0.0126	0.0361
ind_48015	Italy	IT	12.5	42	-0.0577	-0.0135
ind_48445	Italy	IT	12.5	42	-0.0285	0.0013
ind_48646	Swiss-German	CH	8.55	47.36	0.0139	-0.0073
ind_49060	Portugal	PT	-8.0163924833239	39.5909680725474	-0.0153	0.0382
ind_49290	Swiss-French	CH	6.15	46.2	0.0087	-0.0163
ind_49440	Portugal	PT	-8.0163924833239	39.5909680725474	-0.0166	0.0363
ind_1297	Swiss-French	CH	6.15	46.2	0.0061	-0.001
ind_1853	Germany	DE	10.3589016293772	51.0835556416166	0.0063	-0.0062
ind_2391	Portugal	PT	-8.0163924833239	39.5909680725474	-0.0191	0.0372
ind_2872	Spain	ES	-3.56611484727657	40.3287080082217	-0.0128	0.0394
ind_2883	Portugal	PT	-8.0163924833239	39.5909680725474	-0.0184	0.0369
ind_3161	Swiss-French	CH	6.15	46.2	0.0031	-0.0059
ind_4162	Swiss-French	CH	6.15	46.2	0.0041	-0.0046
ind_4213	Italy	IT	12.5	42	-0.0497	-0.007
ind_4218	Swiss-French	CH	6.15	46.2	0.0028	-0.0026
ind_4860	Portugal	PT	-8.0163924833239	39.5909680725474	-0.0159	0.0292
ind_4910	Germany	DE	10.3589016293772	51.0835556416166	0.0022	-0.0041
ind_5179	Swiss-French	CH	6.15	46.2	0.0068	-0.0061
ind_5569	Italy	IT	12.5	42	-0.0549	-0.0251
ind_5664	Germany	DE	10.3589016293772	51.0835556416166	0.0218	-0.0089
ind_5665	Swiss-French	CH	6.15	46.2	0.0073	-0.0035
ind_5900	Portugal	PT	-8.0163924833239	39.5909680725474	-0.0211	0.0374
ind_6072	Portugal	PT	-8.0163924833239	39.5909680725474	-0.0238	0.0423
ind_6245	France	FR	2.39432767075193	46.6058680055316	0.0018	0.0259
ind_6647	Swiss-French	CH	6.15	46.2	0.0108	0.0032
ind_6889	Portugal	PT	-8.0163924833239	39.5909680725474	-0.0213	0.0399
ind_7089	Swiss-Italian	CH	8.95	46	-0.0044	-0.0071
ind_7914	Italy	IT	12.5	42	-0.0163	0.0057
ind_8144	Portugal	PT	-8.0163924833239	39.5909680725474	-0.0228	0.0407
ind_8194	Portugal	PT	-8.0163924833239	39.5909680725474	-0.0097	0.0384
ind_8597	Swiss-German	CH	8.55	47.36	0.0118	-0.01
ind_8718	Swiss-German	CH	8.55	47.36	0.0129	-0.0036
ind_9113	Italy	IT	12.5	42	-0.0528	-0.0165
ind_9426	Portugal	PT	-8.0163924833239	39.5909680725474	-0.0174	0.0344
ind_9456	Swiss-Italian	CH	8.95	46	-0.0209	0.0052
ind_11726	France	FR	2.39432767075193	46.6058680055316	0.0121	0.0064
ind_11906	Netherlands	NL	5.66711565691123	52.2661386478456	0.0318	-2e-04
ind_13298	Italy	IT	12.5	42	-0.0616	-0.0237
ind_13454	Spain	ES	-3.56611484727657	40.3287080082217	-0.0163	0.0465
ind_13600	Portugal	PT	-8.0163924833239	39.5909680725474	-0.019	0.054
ind_13676	France	FR	2.39432767075193	46.6058680055316	0.0172	-0.0058
ind_13983	Swiss-French	CH	6.15	46.2	0.0066	-0.0044
ind_14023	Portugal	PT	-8.0163924833239	39.5909680725474	-0.0153	0.0335
ind_14170	Italy	IT	12.5	42	-0.058	-0.0314
ind_14469	Portugal	PT	-8.0163924833239	39.5909680725474	-0.022	0.0367
ind_14744	France	FR	2.39432767075193	46.6058680055316	0.0055	0.0021
ind_15770	Swiss-French	CH	6.15	46.2	0.0077	0.0015
ind_15901	Swiss-German	CH	8.55	47.36	0.0091	-0.005
ind_16236	Portugal	PT	-8.0163924833239	39.5909680725474	-0.0163	0.0437
ind_16347	Spain	ES	-3.56611484727657	40.3287080082217	-0.0139	0.0411
ind_16502	Portugal	PT	-8.0163924833239	39.5909680725474	-0.0185	0.0376
ind_16517	Portugal	PT	-8.0163924833239	39.5909680725474	-0.0196	0.0379
ind_16622	Portugal	PT	-8.0163924833239	39.5909680725474	-0.0174	0.0194
ind_16722	Italy	IT	12.5	42	-0.0525	-0.022
ind_16864	France	FR	2.39432767075193	46.6058680055316	0.0086	0.0064
ind_16884	Swiss-German	CH	8.55	47.36	0.0083	-0.0028
ind_16940	Portugal	PT	-8.0163924833239	39.5909680725474	-0.0153	0.0361
ind_17533	Germany	DE	10.3589016293772	51.0835556416166	0.0372	-0.0012
ind_17805	Spain	ES	-3.56611484727657	40.3287080082217	-0.0117	0.0446
ind_17836	Portugal	PT	-8.0163924833239	39.5909680725474	-0.0189	0.0343
ind_18260	Italy	IT	12.5	42	-0.0427	-0.0196
ind_18601	France	FR	2.39432767075193	46.6058680055316	-0.0203	0.0179
ind_18893	France	FR	2.39432767075193	46.6058680055316	0.0023	0.0159
ind_19849	Swiss-French	CH	6.15	46.2	0.0031	0.0138
ind_20200	Italy	IT	12.5	42	-0.0582	-0.0259
ind_20241	Spain	ES	-3.56611484727657	40.3287080082217	-0.0113	0.0432
ind_20685	Sweden	SE	18	59.35	0.0431	-0.015
ind_21006	Swiss-German	CH	8.55	47.36	0.0076	-0.0182
ind_21014	Portugal	PT	-8.0163924833239	39.5909680725474	-0.0188	0.0434
ind_21772	Swiss-French	CH	6.15	46.2	0.0036	0.0068
ind_21853	Swiss-French	CH	6.15	46.2	0.0081	0.0071
ind_22897	Portugal	PT	-8.0163924833239	39.5909680725474	-0.0137	0.0442
ind_22935	Swiss-French	CH	6.15	46.2	0.0062	-0.0093
ind_23087	Portugal	PT	-8.0163924833239	39.5909680725474	-0.0195	0.05
ind_23427	Italy	IT	12.5	42	-0.0215	0.0019
ind_23919	Italy	IT	12.5	42	-0.0592	-0.0236
ind_24250	Swiss-German	CH	8.55	47.36	0.0164	-0.0169
ind_24722	Italy	IT	12.5	42	-0.0512	-0.0344
ind_24966	Italy	IT	12.5	42	-0.0544	-0.0213
ind_24981	Italy	IT	12.5	42	-0.0083	-0.0147
ind_25172	Swiss-German	CH	8.55	47.36	0.006	-0.0119
ind_25413	Swiss-French	CH	6.15	46.2	0.0121	-0.0069
ind_25814	Germany	DE	10.3589016293772	51.0835556416166	0.0277	-0.0169
ind_25969	Portugal	PT	-8.0163924833239	39.5909680725474	-0.0257	0.054
ind_26469	Italy	IT	12.5	42	-0.0535	-0.0323
ind_26714	Swiss-French	CH	6.15	46.2	0.0017	0.0032
ind_26942	Portugal	PT	-8.0163924833239	39.5909680725474	-0.0153	0.0351
ind_27198	Swiss-Italian	CH	8.95	46	-0.0141	0.0173
ind_27717	Netherlands	NL	5.66711565691123	52.2661386478456	0.0401	0.0014
ind_28113	Swiss-French	CH	6.15	46.2	6e-04	0.0016
ind_28148	Spain	ES	-3.56611484727657	40.3287080082217	-0.012	0.0391
ind_29196	Swiss-German	CH	8.55	47.36	0.0044	-0.0016
ind_29389	Austria	AT	14.1174253717318	47.59249681831	0.0024	-0.0137
ind_30109	Swiss-French	CH	6.15	46.2	0.0076	-0.0042
ind_30139	Italy	IT	12.5	42	-0.0579	-0.0152
ind_30501	Swiss-French	CH	6.15	46.2	0.0094	0.003
ind_30524	Portugal	PT	-8.0163924833239	39.5909680725474	-0.0196	0.0423
ind_30754	Italy	IT	12.5	42	-0.0342	-0.0232
ind_30812	Italy	IT	12.5	42	-0.0519	-0.0257
ind_30976	France	FR	2.39432767075193	46.6058680055316	-0.0015	0.019
ind_31135	Swiss-German	CH	8.55	47.36	0.0134	-0.0011
ind_31828	Spain	ES	-3.56611484727657	40.3287080082217	-0.0131	0.0457
ind_32005	Swiss-German	CH	8.55	47.36	0.0057	5e-04
ind_33001	Belgium	BE	4.61479191810973	50.6615342351454	0.0061	-0.003
ind_33617	Spain	ES	-3.56611484727657	40.3287080082217	-0.0239	0.0298
ind_35610	Portugal	PT	-8.0163924833239	39.5909680725474	-0.0226	0.0471
ind_35980	Hungary	HU	19.3687924374399	47.1822394595205	0.0161	-0.0542
ind_36090	Swiss-German	CH	8.55	47.36	0.0076	-0.0044
ind_36172	Swiss-German	CH	8.55	47.36	0.0072	0.0052
ind_36721	France	FR	2.39432767075193	46.6058680055316	-0.001	0.0126
ind_36909	Swiss-German	CH	8.55	47.36	-0.0164	-0.0161
ind_37061	France	FR	2.39432767075193	46.6058680055316	0.0055	0.0137
ind_37340	Portugal	PT	-8.0163924833239	39.5909680725474	-0.0211	0.0334
ind_38435	Swiss-German	CH	8.55	47.36	0.0023	-0.0105
ind_38860	Portugal	PT	-8.0163924833239	39.5909680725474	-0.0133	0.0356
ind_38990	Italy	IT	12.5	42	-0.0505	-0.0288
ind_39433	Swiss-French	CH	6.15	46.2	0.0053	0.0189
ind_39501	Swiss-French	CH	6.15	46.2	0.0041	0.0024
ind_39542	Swiss-French	CH	6.15	46.2	0.005	6e-04
ind_40878	France	FR	2.39432767075193	46.6058680055316	0.0125	0.009
ind_40949	France	FR	2.39432767075193	46.6058680055316	0.006	0.0153
ind_41808	Swiss-French	CH	6.15	46.2	0.0042	4e-04
ind_41809	Italy	IT	12.5	42	-0.0483	-0.0154
ind_41954	Italy	IT	12.5	42	-0.0151	-5e-04
ind_42083	Spain	ES	-3.56611484727657	40.3287080082217	-0.0203	0.0367
ind_42221	Swiss-French	CH	6.15	46.2	0.0019	0.0033
ind_43166	Swiss-French	CH	6.15	46.2	0.0065	-3e-04
ind_43346	Swiss-German	CH	8.55	47.36	0.0128	-0.0101
ind_44334	Spain	ES	-3.56611484727657	40.3287080082217	-0.0117	0.0511
ind_44655	France	FR	2.39432767075193	46.6058680055316	-0.0012	0.0155
ind_45193	Swiss-French	CH	6.15	46.2	1e-04	-0.0091
ind_45258	Spain	ES	-3.56611484727657	40.3287080082217	-0.0113	0.0383
ind_45327	Italy	IT	12.5	42	-0.0185	0.0098
ind_45407	Spain	ES	-3.56611484727657	40.3287080082217	-0.0144	0.0398
ind_45675	Russian Federation	RU	37.5	55.75	0.0359	-0.06
ind_46377	France	FR	2.39432767075193	46.6058680055316	0.0023	0.0053
ind_46416	Italy	IT	12.5	42	-0.0161	-0.0111
ind_46590	Portugal	PT	-8.0163924833239	39.5909680725474	-0.0197	0.0474
ind_46707	Swiss-French	CH	6.15	46.2	0.0076	0.0015
ind_47488	Portugal	PT	-8.0163924833239	39.5909680725474	-0.0119	0.0338
ind_47633	Swiss-German	CH	8.55	47.36	0.0049	-0.0016
ind_48642	Swiss-French	CH	6.15	46.2	0.0043	-0.0011
ind_49577	United Kingdom	UK	-2.33119501692698	53.5432480069741	0.028	0.0127
ind_264	Poland	PL	19.3946076487790	52.14189866452	0.0331	-0.0435
ind_304	Swiss-German	CH	8.55	47.36	0.0084	-0.0036
ind_440	Swiss-French	CH	6.15	46.2	0.0036	0.0146
ind_1338	Spain	ES	-3.56611484727657	40.3287080082217	-0.0129	0.0302
ind_1491	Swiss-German	CH	8.55	47.36	0.0135	3e-04
ind_1588	Swiss-French	CH	6.15	46.2	0.0101	0.0026
ind_1606	France	FR	2.39432767075193	46.6058680055316	-7e-04	0.0282
ind_2009	Portugal	PT	-8.0163924833239	39.5909680725474	-0.0169	0.0403
ind_2314	France	FR	2.39432767075193	46.6058680055316	0.0087	0.0136
ind_2971	Italy	IT	12.5	42	-0.0373	-0.0121
ind_3096	Portugal	PT	-8.0163924833239	39.5909680725474	-0.0168	0.0448
ind_3213	Swiss-French	CH	6.15	46.2	0.0126	-0.0018
ind_3417	Swiss-Italian	CH	8.95	46	-0.0106	-0.0015
ind_3916	Swiss-French	CH	6.15	46.2	0.0092	-0.0068
ind_4530	France	FR	2.39432767075193	46.6058680055316	0.0133	0.0119
ind_4575	France	FR	2.39432767075193	46.6058680055316	-0.001	0.0197
ind_4589	Swiss-German	CH	8.55	47.36	0.0048	-0.0052
ind_4772	Spain	ES	-3.56611484727657	40.3287080082217	-0.0124	0.0488
ind_5106	Swiss-German	CH	8.55	47.36	-8e-04	0.0018
ind_5468	France	FR	2.39432767075193	46.6058680055316	0.0108	0.0049
ind_5621	Swiss-Italian	CH	8.95	46	-0.0095	5e-04
ind_5771	France	FR	2.39432767075193	46.6058680055316	-0.0086	-0.0028
ind_6301	Portugal	PT	-8.0163924833239	39.5909680725474	-0.0262	0.0461
ind_6370	Germany	DE	10.3589016293772	51.0835556416166	0.0061	0.0025
ind_6979	Italy	IT	12.5	42	-0.0316	-0.0122
ind_7147	Russian Federation	RU	37.5	55.75	-0.005	-0.0182
ind_8069	Spain	ES	-3.56611484727657	40.3287080082217	-0.0108	0.0263
ind_8079	Swiss-German	CH	8.55	47.36	0.0181	-0.0113
ind_9343	Swiss-French	CH	6.15	46.2	0.011	-0.0051
ind_9489	Spain	ES	-3.56611484727657	40.3287080082217	-0.0163	0.0433
ind_9887	Portugal	PT	-8.0163924833239	39.5909680725474	-0.022	0.0519
ind_9953	Portugal	PT	-8.0163924833239	39.5909680725474	-0.0183	0.019
ind_10340	Swiss-German	CH	8.55	47.36	0.0097	-0.0021
ind_11731	Italy	IT	12.5	42	-0.0351	-0.0109
ind_11931	Swiss-French	CH	6.15	46.2	0.0046	0.0013
ind_12615	Portugal	PT	-8.0163924833239	39.5909680725474	-0.0167	0.0463
ind_13106	Spain	ES	-3.56611484727657	40.3287080082217	-0.0168	0.034
ind_13510	France	FR	2.39432767075193	46.6058680055316	-0.0038	0.0243
ind_14352	Swiss-French	CH	6.15	46.2	-0.0023	-0.001
ind_14457	Netherlands	NL	5.66711565691123	52.2661386478456	0.0206	-0.0082
ind_14617	France	FR	2.39432767075193	46.6058680055316	0.0054	0.03
ind_14858	Swiss-German	CH	8.55	47.36	0.0114	-4e-04
ind_14893	Swiss-French	CH	6.15	46.2	0.009	0.0084
ind_15203	Portugal	PT	-8.0163924833239	39.5909680725474	-0.0134	0.0408
ind_16114	Germany	DE	10.3589016293772	51.0835556416166	0.0175	-0.0075
ind_16525	Italy	IT	12.5	42	-0.0535	-0.0149
ind_17270	Portugal	PT	-8.0163924833239	39.5909680725474	-0.0152	0.0431
ind_17370	Swiss-French	CH	6.15	46.2	0.0106	-0.0049
ind_17430	Swiss-French	CH	6.15	46.2	-0.0026	0.0047
ind_17543	Italy	IT	12.5	42	-0.022	-0.0047
ind_17778	Portugal	PT	-8.0163924833239	39.5909680725474	-0.0194	0.0425
ind_17977	Spain	ES	-3.56611484727657	40.3287080082217	-0.0062	0.0481
ind_18382	Spain	ES	-3.56611484727657	40.3287080082217	-0.0134	0.0336
ind_18514	Swiss-German	CH	8.55	47.36	0.0163	-0.0074
ind_18658	Swiss-German	CH	8.55	47.36	0.0165	-0.011
ind_18793	Swiss-French	CH	6.15	46.2	-7e-04	0.0093
ind_19121	Swiss-German	CH	8.55	47.36	0.008	-0.0116
ind_19634	Swiss-French	CH	6.15	46.2	0.001	-0.0061
ind_19667	Swiss-French	CH	6.15	46.2	0.0075	0.0047
ind_20412	France	FR	2.39432767075193	46.6058680055316	0.0267	0.0183
ind_20706	France	FR	2.39432767075193	46.6058680055316	0.0096	0.0053
ind_20895	Portugal	PT	-8.0163924833239	39.5909680725474	-0.0174	0.0347
ind_21139	Swiss-German	CH	8.55	47.36	0.0114	-0.002
ind_21342	France	FR	2.39432767075193	46.6058680055316	-6e-04	0.0256
ind_21598	France	FR	2.39432767075193	46.6058680055316	0.018	0.0089
ind_21625	Belgium	BE	4.61479191810973	50.6615342351454	0.0194	-0.0051
ind_21685	France	FR	2.39432767075193	46.6058680055316	0.016	0.0012
ind_22525	Swiss-French	CH	6.15	46.2	0.0095	-0.0042
ind_22986	Swiss-French	CH	6.15	46.2	0.017	-0.0017
ind_23002	Belgium	BE	4.61479191810973	50.6615342351454	0.0128	-0.0055
ind_23210	France	FR	2.39432767075193	46.6058680055316	0.0152	0.016
ind_23454	France	FR	2.39432767075193	46.6058680055316	0.0272	0.0064
ind_24860	Spain	ES	-3.56611484727657	40.3287080082217	-0.0069	0.0293
ind_25276	France	FR	2.39432767075193	46.6058680055316	-0.0027	0.019
ind_25560	Portugal	PT	-8.0163924833239	39.5909680725474	-0.0187	0.0411
ind_26031	Italy	IT	12.5	42	-0.0604	-0.0248
ind_27874	Swiss-French	CH	6.15	46.2	0.014	0.0015
ind_29405	Swiss-French	CH	6.15	46.2	0.0066	0.0073
ind_29587	Russian Federation	RU	37.5	55.75	0.0349	-0.0504
ind_31142	Italy	IT	12.5	42	-0.0559	-0.0104
ind_31287	France	FR	2.39432767075193	46.6058680055316	-0.001	0.0346
ind_31744	Portugal	PT	-8.0163924833239	39.5909680725474	-0.0259	0.047
ind_31802	Italy	IT	12.5	42	-0.0154	-0.0095
ind_32263	Swiss-French	CH	6.15	46.2	0.0103	0.0111
ind_32504	Italy	IT	12.5	42	-0.0272	-0.0056
ind_32952	Swiss-French	CH	6.15	46.2	0.0033	0.0126
ind_33340	Italy	IT	12.5	42	-0.0476	-0.0276
ind_34331	Swiss-German	CH	8.55	47.36	0.0116	-0.0033
ind_34384	Swiss-German	CH	8.55	47.36	0.0199	-0.0019
ind_34769	France	FR	2.39432767075193	46.6058680055316	0.0095	0.013
ind_34898	France	FR	2.39432767075193	46.6058680055316	0.0079	0.0162
ind_35584	France	FR	2.39432767075193	46.6058680055316	0.0064	0.0182
ind_35733	Italy	IT	12.5	42	-0.0409	-0.0202
ind_35771	Swiss-French	CH	6.15	46.2	0.0056	-0.0072
ind_36617	Swiss-French	CH	6.15	46.2	0.0059	0.0024
ind_36726	Italy	IT	12.5	42	-0.0615	-0.0262
ind_37075	Portugal	PT	-8.0163924833239	39.5909680725474	-0.019	0.0365
ind_38119	Swiss-French	CH	6.15	46.2	0.0102	1e-04
ind_38458	Swiss-German	CH	8.55	47.36	0.0053	-0.0035
ind_38711	France	FR	2.39432767075193	46.6058680055316	0.0055	0.01
ind_39411	Sweden	SE	18	59.35	0.0446	-0.0237
ind_40872	United Kingdom	UK	-2.33119501692698	53.5432480069741	0.0352	0.0066
ind_41079	Swiss-French	CH	6.15	46.2	0.0124	-0.0014
ind_41129	France	FR	2.39432767075193	46.6058680055316	0.0052	0.0195
ind_41286	Norway	NO	10.68	59.93	0.0421	0.0016
ind_41594	Italy	IT	12.5	42	-0.0467	-0.0111
ind_42750	Swiss-German	CH	8.55	47.36	0.0035	-0.0046
ind_43719	Germany	DE	10.3589016293772	51.0835556416166	0.0079	-0.0059
ind_43874	Swiss-Italian	CH	8.95	46	-0.0458	-0.02
ind_43991	Portugal	PT	-8.0163924833239	39.5909680725474	-0.0154	0.0264
ind_44026	France	FR	2.39432767075193	46.6058680055316	0.0116	0.0016
ind_44393	Swiss-French	CH	6.15	46.2	0.0079	-0.0088
ind_44406	Italy	IT	12.5	42	-0.0096	-0.0135
ind_44410	Portugal	PT	-8.0163924833239	39.5909680725474	-0.0195	0.0468
ind_44544	France	FR	2.39432767075193	46.6058680055316	-0.0042	0.0061
ind_45281	France	FR	2.39432767075193	46.6058680055316	0.0102	-0.0073
ind_45563	Swiss-French	CH	6.15	46.2	0.0087	-0.0115
ind_45674	Germany	DE	10.3589016293772	51.0835556416166	0.0273	-0.0133
ind_45680	United Kingdom	UK	-2.33119501692698	53.5432480069741	0.0336	-0.0014
ind_45849	Swiss-German	CH	8.55	47.36	0.0077	-5e-04
ind_45953	Swiss-French	CH	6.15	46.2	0.0075	-0.0017
ind_46852	Portugal	PT	-8.0163924833239	39.5909680725474	-0.0204	0.0459
ind_46888	Germany	DE	10.3589016293772	51.0835556416166	0.0114	-0.0033
ind_47443	Swiss-German	CH	8.55	47.36	0.0154	-0.0049
ind_47654	Netherlands	NL	5.66711565691123	52.2661386478456	0.0229	-0.0039
ind_47666	Belgium	BE	4.61479191810973	50.6615342351454	0.0228	-0.0081
ind_48916	France	FR	2.39432767075193	46.6058680055316	0.0146	0.0035
ind_49250	France	FR	2.39432767075193	46.6058680055316	0.0078	0.0233
ind_49384	Italy	IT	12.5	42	-0.0557	-0.0183
ind_49466	Swiss-German	CH	8.55	47.36	0.0073	-0.0075
ind_555	Spain	ES	-3.56611484727657	40.3287080082217	-0.0157	0.0318
ind_937	Swiss-German	CH	8.55	47.36	0.0095	0.0064
ind_1064	Portugal	PT	-8.0163924833239	39.5909680725474	-0.0143	0.0325
ind_1182	Germany	DE	10.3589016293772	51.0835556416166	0.0212	-0.0209
ind_1437	Swiss-German	CH	8.55	47.36	0.0083	0.006
ind_1752	Italy	IT	12.5	42	-0.0553	-0.0198
ind_1799	Swiss-French	CH	6.15	46.2	0.0054	-0.0049
ind_1852	Italy	IT	12.5	42	-0.0509	-0.0274
ind_1957	Poland	PL	19.3946076487790	52.14189866452	0.0307	-0.0514
ind_2526	Cyprus	CY	33.1996854536619	35.0981563694544	-0.0734	-0.0392
ind_3606	Germany	DE	10.3589016293772	51.0835556416166	0.04	-0.0336
ind_3645	France	FR	2.39432767075193	46.6058680055316	0.0109	0.0083
ind_4731	Austria	AT	14.1174253717318	47.59249681831	0.0029	0.0015
ind_5557	Italy	IT	12.5	42	-0.0544	-0.0183
ind_5802	France	FR	2.39432767075193	46.6058680055316	0.0174	0.0119
ind_6158	Germany	DE	10.3589016293772	51.0835556416166	0.0213	-0.0123
ind_6674	Italy	IT	12.5	42	-0.0388	-0.0115
ind_7097	Italy	IT	12.5	42	-0.0307	-6e-04
ind_7237	Swiss-German	CH	8.55	47.36	0.0048	-0.0039
ind_7578	France	FR	2.39432767075193	46.6058680055316	-3e-04	0.034
ind_7700	Swiss-French	CH	6.15	46.2	0.0026	0.0012
ind_7884	Spain	ES	-3.56611484727657	40.3287080082217	-0.0178	0.0407
ind_8044	Russian Federation	RU	37.5	55.75	0.0396	-0.0607
ind_8227	Portugal	PT	-8.0163924833239	39.5909680725474	-0.0187	0.0417
ind_9362	Swiss-French	CH	6.15	46.2	0.0105	-0.0018
ind_10605	Germany	DE	10.3589016293772	51.0835556416166	0.0222	-0.0297
ind_10716	Italy	IT	12.5	42	-0.0158	0.0055
ind_10766	Swiss-French	CH	6.15	46.2	0.0011	0
ind_10841	Spain	ES	-3.56611484727657	40.3287080082217	-0.0141	0.0418
ind_10948	Portugal	PT	-8.0163924833239	39.5909680725474	-0.0215	0.0449
ind_11016	France	FR	2.39432767075193	46.6058680055316	0.0202	0.0198
ind_11142	Italy	IT	12.5	42	-0.0556	-0.0175
ind_11648	Swiss-German	CH	8.55	47.36	0.0095	-0.0136
ind_11743	France	FR	2.39432767075193	46.6058680055316	-0.0117	0.0023
ind_11859	Swiss-French	CH	6.15	46.2	0.0026	0.0091
ind_11927	Swiss-German	CH	8.55	47.36	0.0076	-0.0052
ind_12437	Swiss-Italian	CH	8.95	46	-0.0191	-0.0099
ind_12472	Serbia and Montenegro	RS	20.6157230848337	43.9494926410995	-0.0027	-0.0509
ind_12561	Portugal	PT	-8.0163924833239	39.5909680725474	-0.0135	0.0252
ind_12668	Swiss-French	CH	6.15	46.2	0.0083	-0.006
ind_12802	Spain	ES	-3.56611484727657	40.3287080082217	-0.0143	0.0345
ind_13401	Swiss-German	CH	8.55	47.36	0.0044	-0.0061
ind_13481	Swiss-French	CH	6.15	46.2	0.0106	0.0044
ind_13819	Italy	IT	12.5	42	-0.047	-0.0133
ind_14540	Portugal	PT	-8.0163924833239	39.5909680725474	-0.0129	0.0443
ind_14664	Swiss-German	CH	8.55	47.36	0.0097	0.0077
ind_14709	Portugal	PT	-8.0163924833239	39.5909680725474	-0.0209	0.0477
ind_15168	Swiss-French	CH	6.15	46.2	0.0079	0.004
ind_15174	Netherlands	NL	5.66711565691123	52.2661386478456	0.03	-0.002
ind_15455	Swiss-French	CH	6.15	46.2	0.0062	0.0106
ind_17861	Spain	ES	-3.56611484727657	40.3287080082217	-0.0136	0.0345
ind_18349	Spain	ES	-3.56611484727657	40.3287080082217	-0.0236	0.0463
ind_18829	France	FR	2.39432767075193	46.6058680055316	0.0031	0.0225
ind_18955	Swiss-German	CH	8.55	47.36	0.0116	-0.0038
ind_20371	Italy	IT	12.5	42	-0.047	-0.0184
ind_20940	United Kingdom	UK	-2.33119501692698	53.5432480069741	0.0289	0.0019
ind_20976	France	FR	2.39432767075193	46.6058680055316	0.0094	0.0103
ind_21063	Portugal	PT	-8.0163924833239	39.5909680725474	-0.0179	0.0483
ind_21495	Italy	IT	12.5	42	-0.0472	-0.0146
ind_21595	Portugal	PT	-8.0163924833239	39.5909680725474	-0.0183	0.0334
ind_22317	Portugal	PT	-8.0163924833239	39.5909680725474	-0.025	0.0358
ind_23107	Portugal	PT	-8.0163924833239	39.5909680725474	-0.0227	0.0528
ind_23299	Italy	IT	12.5	42	-0.0309	-0.0136
ind_23938	Portugal	PT	-8.0163924833239	39.5909680725474	-0.0188	0.0409
ind_23980	Swiss-French	CH	6.15	46.2	0.0094	0.0056
ind_24014	France	FR	2.39432767075193	46.6058680055316	-0.004	0.0117
ind_24338	Belgium	BE	4.61479191810973	50.6615342351454	0.0143	-0.001
ind_25016	Portugal	PT	-8.0163924833239	39.5909680725474	-0.0201	0.0562
ind_25313	Swiss-French	CH	6.15	46.2	-2e-04	-7e-04
ind_25514	Swiss-French	CH	6.15	46.2	0.0055	0.0103
ind_25577	Italy	IT	12.5	42	-0.0541	-0.01
ind_26075	France	FR	2.39432767075193	46.6058680055316	0.0054	0.0168
ind_26184	Italy	IT	12.5	42	-0.0415	-0.0076
ind_26498	Swiss-French	CH	6.15	46.2	0.0015	-0.0027
ind_27479	Portugal	PT	-8.0163924833239	39.5909680725474	-0.0151	0.0405
ind_27493	Portugal	PT	-8.0163924833239	39.5909680725474	-0.0174	0.0443
ind_27630	Swiss-French	CH	6.15	46.2	0.0101	-4e-04
ind_28099	Swiss-German	CH	8.55	47.36	0.011	3e-04
ind_28100	Italy	IT	12.5	42	-0.0114	-0.0231
ind_28821	Italy	IT	12.5	42	-0.0625	-0.0184
ind_29066	Portugal	PT	-8.0163924833239	39.5909680725474	-0.0164	0.0469
ind_29747	Italy	IT	12.5	42	-0.0228	-0.0103
ind_30783	Spain	ES	-3.56611484727657	40.3287080082217	-0.0192	0.0216
ind_30895	Spain	ES	-3.56611484727657	40.3287080082217	-0.0139	0.0324
ind_31072	Swiss-German	CH	8.55	47.36	0.0095	0.001
ind_31092	Spain	ES	-3.56611484727657	40.3287080082217	-0.0127	0.0253
ind_31367	Italy	IT	12.5	42	-0.0491	-0.0223
ind_31645	France	FR	2.39432767075193	46.6058680055316	0.0017	0.0191
ind_31651	France	FR	2.39432767075193	46.6058680055316	0.014	0.0158
ind_31847	Belgium	BE	4.61479191810973	50.6615342351454	0.0237	0.0018
ind_31848	France	FR	2.39432767075193	46.6058680055316	0.0128	0.0051
ind_31872	Portugal	PT	-8.0163924833239	39.5909680725474	-0.0212	0.0286
ind_32230	Swiss-French	CH	6.15	46.2	0.0029	-0.0023
ind_32480	France	FR	2.39432767075193	46.6058680055316	0.0019	0.0119
ind_32963	Italy	IT	12.5	42	-0.0527	-0.0155
ind_33271	Spain	ES	-3.56611484727657	40.3287080082217	-0.0135	0.0335
ind_33586	Swiss-French	CH	6.15	46.2	0.0068	0.0087
ind_33679	Poland	PL	19.3946076487790	52.14189866452	0.0332	-0.0496
ind_33818	France	FR	2.39432767075193	46.6058680055316	-0.0072	0.0341
ind_33860	France	FR	2.39432767075193	46.6058680055316	0.0033	0.0084
ind_34585	Italy	IT	12.5	42	-0.0591	-0.0349
ind_34778	Italy	IT	12.5	42	-0.0144	3e-04
ind_35804	Swiss-German	CH	8.55	47.36	0.0129	-0.0145
ind_35925	France	FR	2.39432767075193	46.6058680055316	0.0116	0.009
ind_36237	Swiss-German	CH	8.55	47.36	0.0095	-0.0133
ind_36602	Portugal	PT	-8.0163924833239	39.5909680725474	-0.0216	0.0524
ind_36647	United Kingdom	UK	-2.33119501692698	53.5432480069741	0.0295	0.0097
ind_37478	Swiss-French	CH	6.15	46.2	0.0017	0.0083
ind_37931	Swiss-German	CH	8.55	47.36	0.0165	-0.0116
ind_38215	Swiss-German	CH	8.55	47.36	0.0129	-0.0055
ind_38665	Portugal	PT	-8.0163924833239	39.5909680725474	-0.0222	0.0415
ind_39038	Swiss-French	CH	6.15	46.2	0.007	-0.0064
ind_39429	Ireland	IE	-8.18040076502755	53.1966827266848	0.0372	0.0203
ind_39499	Swiss-German	CH	8.55	47.36	0.0046	-0.0036
ind_39883	Spain	ES	-3.56611484727657	40.3287080082217	-0.0205	0.0429
ind_40850	Portugal	PT	-8.0163924833239	39.5909680725474	-0.0176	0.0343
ind_41098	Swiss-French	CH	6.15	46.2	0.0062	-0.0015
ind_41885	France	FR	2.39432767075193	46.6058680055316	0.0138	0.0079
ind_42214	Swiss-French	CH	6.15	46.2	0.0082	-0.0014
ind_42378	Spain	ES	-3.56611484727657	40.3287080082217	-0.0146	0.0472
ind_42551	Italy	IT	12.5	42	-0.0216	0.0034
ind_42634	Italy	IT	12.5	42	-0.0592	-0.0247
ind_42724	Swiss-German	CH	8.55	47.36	7e-04	0.0021
ind_42727	Swiss-Italian	CH	8.95	46	-0.0172	0.0024
ind_42944	Portugal	PT	-8.0163924833239	39.5909680725474	-0.0226	0.0377
ind_42967	Serbia and Montenegro	RS	20.6157230848337	43.9494926410995	-0.0021	-0.052
ind_43011	Portugal	PT	-8.0163924833239	39.5909680725474	-0.0205	0.0383
ind_43963	France	FR	2.39432767075193	46.6058680055316	0.0059	0.0144
ind_44002	Spain	ES	-3.56611484727657	40.3287080082217	-0.0105	0.0469
ind_44163	Swiss-French	CH	6.15	46.2	0.0056	0.0038
ind_44996	Italy	IT	12.5	42	-0.0528	-0.0213
ind_45501	Swiss-German	CH	8.55	47.36	0.0108	-0.0043
ind_45725	Portugal	PT	-8.0163924833239	39.5909680725474	-0.0183	0.0365
ind_46166	Swiss-French	CH	6.15	46.2	0.0105	-0.0089
ind_46258	France	FR	2.39432767075193	46.6058680055316	0.0052	0.0071
ind_47833	Italy	IT	12.5	42	-0.0086	-4e-04
ind_48240	Poland	PL	19.3946076487790	52.14189866452	0.0198	-0.0367
ind_48693	Swiss-French	CH	6.15	46.2	0.0099	4e-04
ind_25	United Kingdom	UK	-2.33119501692698	53.5432480069741	0.0295	0.0043
ind_179	United Kingdom	UK	-2.33119501692698	53.5432480069741	0.0331	0.0161
ind_197	United Kingdom	UK	-2.33119501692698	53.5432480069741	0.0336	5e-04
ind_241	United Kingdom	UK	-2.33119501692698	53.5432480069741	0.0296	0.0059
ind_1145	United Kingdom	UK	-2.33119501692698	53.5432480069741	0.0318	0.0035
ind_2018	United Kingdom	UK	-2.33119501692698	53.5432480069741	0.0275	0.001
ind_2481	United Kingdom	UK	-2.33119501692698	53.5432480069741	0.0243	0.0057
ind_2630	United Kingdom	UK	-2.33119501692698	53.5432480069741	0.0414	0.0241
ind_2647	Ireland	IE	-8.18040076502755	53.1966827266848	0.0404	0.012
ind_3556	Scotland	Sct	-3.2	55.95	0.0315	-0.0012
ind_4164	United Kingdom	UK	-2.33119501692698	53.5432480069741	0.0314	0.0169
ind_4923	Austria	AT	14.1174253717318	47.59249681831	0.0233	-0.0472
ind_5052	Ireland	IE	-8.18040076502755	53.1966827266848	0.0403	0.0019
ind_5294	United Kingdom	UK	-2.33119501692698	53.5432480069741	0.0258	-7e-04
ind_5640	United Kingdom	UK	-2.33119501692698	53.5432480069741	0.0312	0.0067
ind_5888	United Kingdom	UK	-2.33119501692698	53.5432480069741	0.0352	0.0164
ind_6315	United Kingdom	UK	-2.33119501692698	53.5432480069741	0.0252	0.0015
ind_6417	United Kingdom	UK	-2.33119501692698	53.5432480069741	0.0321	-0.0026
ind_6639	Ireland	IE	-8.18040076502755	53.1966827266848	0.033	0.0187
ind_6709	United Kingdom	UK	-2.33119501692698	53.5432480069741	0.0324	0.0127
ind_7254	Ireland	IE	-8.18040076502755	53.1966827266848	0.0363	0.0162
ind_7293	United Kingdom	UK	-2.33119501692698	53.5432480069741	0.0373	0.0156
ind_7304	United Kingdom	UK	-2.33119501692698	53.5432480069741	0.0354	0.0094
ind_7318	United Kingdom	UK	-2.33119501692698	53.5432480069741	0.0325	0.0099
ind_7494	Germany	DE	10.3589016293772	51.0835556416166	0.0332	0.0092
ind_7868	United Kingdom	UK	-2.33119501692698	53.5432480069741	0.0379	0.0109
ind_11024	United Kingdom	UK	-2.33119501692698	53.5432480069741	0.031	-0.001
ind_11174	United Kingdom	UK	-2.33119501692698	53.5432480069741	0.0236	-0.0014
ind_11219	Ireland	IE	-8.18040076502755	53.1966827266848	0.0393	0.0145
ind_11555	United Kingdom	UK	-2.33119501692698	53.5432480069741	0.028	0.0038
ind_11635	Ireland	IE	-8.18040076502755	53.1966827266848	0.042	0.0063
ind_11974	United Kingdom	UK	-2.33119501692698	53.5432480069741	0.0303	0.0039
ind_12271	United Kingdom	UK	-2.33119501692698	53.5432480069741	0.0308	0.012
ind_12761	United Kingdom	UK	-2.33119501692698	53.5432480069741	0.0251	0.0126
ind_13477	United Kingdom	UK	-2.33119501692698	53.5432480069741	0.0326	0.0098
ind_13535	Ireland	IE	-8.18040076502755	53.1966827266848	0.0401	0.0151
ind_13560	United Kingdom	UK	-2.33119501692698	53.5432480069741	0.0311	-0.0076
ind_13765	United Kingdom	UK	-2.33119501692698	53.5432480069741	0.0369	0.0033
ind_13870	United Kingdom	UK	-2.33119501692698	53.5432480069741	0.0315	0.0022
ind_14348	United Kingdom	UK	-2.33119501692698	53.5432480069741	0.0364	0.0114
ind_16260	United Kingdom	UK	-2.33119501692698	53.5432480069741	0.0253	-7e-04
ind_16279	Ireland	IE	-8.18040076502755	53.1966827266848	0.0336	0.0137
ind_16507	United Kingdom	UK	-2.33119501692698	53.5432480069741	0.02	-0.0049
ind_17828	Ireland	IE	-8.18040076502755	53.1966827266848	0.0351	0.0207
ind_18201	United Kingdom	UK	-2.33119501692698	53.5432480069741	0.0297	-0.0034
ind_18807	Ireland	IE	-8.18040076502755	53.1966827266848	0.0396	0.0075
ind_19088	United Kingdom	UK	-2.33119501692698	53.5432480069741	0.0387	0.015
ind_19249	United Kingdom	UK	-2.33119501692698	53.5432480069741	0.0279	9e-04
ind_19869	United Kingdom	UK	-2.33119501692698	53.5432480069741	0.0278	0.0069
ind_20618	United Kingdom	UK	-2.33119501692698	53.5432480069741	0.0242	-0.0018
ind_20674	United Kingdom	UK	-2.33119501692698	53.5432480069741	0.0277	-0.002
ind_20748	United Kingdom	UK	-2.33119501692698	53.5432480069741	0.0172	0.0121
ind_20999	United Kingdom	UK	-2.33119501692698	53.5432480069741	0.0322	-0.001
ind_21279	United Kingdom	UK	-2.33119501692698	53.5432480069741	0.0302	-0.0012
ind_21713	United Kingdom	UK	-2.33119501692698	53.5432480069741	0.0333	0.0013
ind_22374	United Kingdom	UK	-2.33119501692698	53.5432480069741	0.0258	0.0216
ind_22677	Ireland	IE	-8.18040076502755	53.1966827266848	0.0385	0.0089
ind_22861	United Kingdom	UK	-2.33119501692698	53.5432480069741	0.0221	0.0023
ind_22888	Germany	DE	10.3589016293772	51.0835556416166	0.0317	-0.0079
ind_23234	United Kingdom	UK	-2.33119501692698	53.5432480069741	0.0221	-0.002
ind_23762	Germany	DE	10.3589016293772	51.0835556416166	0.0266	0.0089
ind_23801	United Kingdom	UK	-2.33119501692698	53.5432480069741	0.0326	0.0114
ind_24533	Netherlands	NL	5.66711565691123	52.2661386478456	0.0273	-0.0109
ind_24549	United Kingdom	UK	-2.33119501692698	53.5432480069741	0.0253	0.0124
ind_25454	United Kingdom	UK	-2.33119501692698	53.5432480069741	0.0216	0.0046
ind_26678	Ireland	IE	-8.18040076502755	53.1966827266848	0.04	0.0191
ind_26808	Denmark	DK	9.2549897459615	56.0581130812053	0.0297	-0.0162
ind_27136	United Kingdom	UK	-2.33119501692698	53.5432480069741	0.0285	0.0128
ind_28997	United Kingdom	UK	-2.33119501692698	53.5432480069741	0.031	0.0047
ind_29723	Italy	IT	12.5	42	-0.0353	-0.0199
ind_29740	United Kingdom	UK	-2.33119501692698	53.5432480069741	0.0279	-0.0028
ind_29908	United Kingdom	UK	-2.33119501692698	53.5432480069741	0.0252	0.0046
ind_29945	United Kingdom	UK	-2.33119501692698	53.5432480069741	0.0282	0.0071
ind_30086	United Kingdom	UK	-2.33119501692698	53.5432480069741	0.0389	0.0099
ind_30432	Ireland	IE	-8.18040076502755	53.1966827266848	0.0383	0.0087
ind_30787	Austria	AT	14.1174253717318	47.59249681831	0.0146	-0.0195
ind_31112	United Kingdom	UK	-2.33119501692698	53.5432480069741	0.0258	0.012
ind_31555	United Kingdom	UK	-2.33119501692698	53.5432480069741	0.0277	-0.0521
ind_31694	United Kingdom	UK	-2.33119501692698	53.5432480069741	0.0323	-0.0042
ind_32991	United Kingdom	UK	-2.33119501692698	53.5432480069741	0.0322	0.0035
ind_33112	United Kingdom	UK	-2.33119501692698	53.5432480069741	0.0361	0.0126
ind_33167	Italy	IT	12.5	42	-0.0244	-0.0192
ind_33673	United Kingdom	UK	-2.33119501692698	53.5432480069741	0.0275	-3e-04
ind_34118	United Kingdom	UK	-2.33119501692698	53.5432480069741	0.0306	0.0014
ind_34315	Spain	ES	-3.56611484727657	40.3287080082217	0.0021	0.0232
ind_34434	United Kingdom	UK	-2.33119501692698	53.5432480069741	0.0342	0.0175
ind_34445	United Kingdom	UK	-2.33119501692698	53.5432480069741	0.0301	0.0123
ind_34563	United Kingdom	UK	-2.33119501692698	53.5432480069741	0.0317	-0.0055
ind_34864	United Kingdom	UK	-2.33119501692698	53.5432480069741	0.0289	0.0165
ind_36529	United Kingdom	UK	-2.33119501692698	53.5432480069741	0.0301	0.0224
ind_36974	United Kingdom	UK	-2.33119501692698	53.5432480069741	0.0239	0.0087
ind_37441	United Kingdom	UK	-2.33119501692698	53.5432480069741	0.038	0.0221
ind_37472	Poland	PL	19.3946076487790	52.14189866452	0.0419	-0.0519
ind_38238	Spain	ES	-3.56611484727657	40.3287080082217	-0.0114	0.0322
ind_38417	United Kingdom	UK	-2.33119501692698	53.5432480069741	0.0292	0.0152
ind_39249	United Kingdom	UK	-2.33119501692698	53.5432480069741	0.0227	0.0037
ind_39339	Ireland	IE	-8.18040076502755	53.1966827266848	0.0364	0.0141
ind_39775	United Kingdom	UK	-2.33119501692698	53.5432480069741	0.0248	0.0103
ind_39936	Poland	PL	19.3946076487790	52.14189866452	0.0366	-0.0542
ind_39982	United Kingdom	UK	-2.33119501692698	53.5432480069741	0.0279	0.0018
ind_41167	United Kingdom	UK	-2.33119501692698	53.5432480069741	0.0302	-0.0049
ind_41355	United Kingdom	UK	-2.33119501692698	53.5432480069741	0.0335	0.0166
ind_41895	United Kingdom	UK	-2.33119501692698	53.5432480069741	0.0382	0.0193
ind_41915	Spain	ES	-3.56611484727657	40.3287080082217	-0.0211	0.0359
ind_41981	United Kingdom	UK	-2.33119501692698	53.5432480069741	-0.0539	-0.0226
ind_42194	United Kingdom	UK	-2.33119501692698	53.5432480069741	0.0317	-0.0018
ind_42283	United Kingdom	UK	-2.33119501692698	53.5432480069741	0.03	0.0169
ind_42542	United Kingdom	UK	-2.33119501692698	53.5432480069741	0.0301	-0.0043
ind_43261	United Kingdom	UK	-2.33119501692698	53.5432480069741	0.0323	2e-04
ind_43818	United Kingdom	UK	-2.33119501692698	53.5432480069741	0.0279	0.0017
ind_45431	United Kingdom	UK	-2.33119501692698	53.5432480069741	0.0353	0.002
ind_46886	Poland	PL	19.3946076487790	52.14189866452	0.0318	-0.0529
ind_47545	United Kingdom	UK	-2.33119501692698	53.5432480069741	0.0332	-0.0014
ind_48078	Ireland	IE	-8.18040076502755	53.1966827266848	0.034	0.0043
ind_48414	United Kingdom	UK	-2.33119501692698	53.5432480069741	0.0404	0.0216
ind_49356	Poland	PL	19.3946076487790	52.14189866452	0.0168	-0.0553
ind_2516	Austria	AT	14.1174253717318	47.59249681831	0.0172	-0.0273
ind_2857	Austria	AT	14.1174253717318	47.59249681831	0.0113	-0.0252
ind_3060	United Kingdom	UK	-2.33119501692698	53.5432480069741	0.0268	0.0025
ind_5624	Germany	DE	10.3589016293772	51.0835556416166	0.0277	-0.0322
ind_5779	Germany	DE	10.3589016293772	51.0835556416166	0.0306	-0.0226
ind_5995	Netherlands	NL	5.66711565691123	52.2661386478456	0.024	0.0064
ind_6376	Kosovo	KS	21.1	42.7	-0.0261	-0.0587
ind_8472	Germany	DE	10.3589016293772	51.0835556416166	0.0233	-0.0135
ind_9098	Greece	GR	22.7088465896785	40.0341318427376	-0.0494	-0.0339
ind_10364	Germany	DE	10.3589016293772	51.0835556416166	0.0237	-0.0081
ind_10438	Germany	DE	10.3589016293772	51.0835556416166	0.0304	-0.0222
ind_11180	Netherlands	NL	5.66711565691123	52.2661386478456	0.0306	-0.0077
ind_11628	Italy	IT	12.5	42	-0.0294	-0.0042
ind_11713	Spain	ES	-3.56611484727657	40.3287080082217	-0.0211	0.0388
ind_11866	Netherlands	NL	5.66711565691123	52.2661386478456	0.0286	-9e-04
ind_13522	Poland	PL	19.3946076487790	52.14189866452	0.0348	-0.0637
ind_14215	Swiss-Italian	CH	8.95	46	-0.0648	-0.0157
ind_14603	Germany	DE	10.3589016293772	51.0835556416166	0.0376	-0.0186
ind_14866	Germany	DE	10.3589016293772	51.0835556416166	0.0395	-0.0193
ind_15669	Serbia and Montenegro	YG	20.6157230848337	43.9494926410995	-0.0066	-0.0468
ind_15803	Belgium	BE	4.61479191810973	50.6615342351454	0.0183	-0.0073
ind_16418	Poland	PL	19.3946076487790	52.14189866452	0.0358	-0.0582
ind_18629	Belgium	BE	4.61479191810973	50.6615342351454	0.0155	0.0051
ind_20323	Germany	DE	10.3589016293772	51.0835556416166	0.0241	-0.0259
ind_20923	Norway	NO	10.68	59.93	0.0451	-0.0205
ind_20938	Belgium	BE	4.61479191810973	50.6615342351454	0.0175	-0.0012
ind_24186	Bosnia and Herzegovina	BA	17.8620230363970	44.1758758177205	6e-04	-0.0568
ind_25668	Finland	FI	24.93	60.17	0.0478	-0.0378
ind_26062	Germany	DE	10.3589016293772	51.0835556416166	0.0087	-0.0144
ind_26872	Germany	DE	10.3589016293772	51.0835556416166	0.0083	-0.0136
ind_27907	Belgium	BE	4.61479191810973	50.6615342351454	0.0148	0.0063
ind_28749	Belgium	BE	4.61479191810973	50.6615342351454	0.0169	0.0013
ind_29802	Germany	DE	10.3589016293772	51.0835556416166	0.0103	-0.0156
ind_29864	Scotland	Sct	-3.2	55.95	0.034	0.0053
ind_31028	France	FR	2.39432767075193	46.6058680055316	0.0137	0.0039
ind_31597	United Kingdom	UK	-2.33119501692698	53.5432480069741	0.0325	0.0112
ind_32093	Netherlands	NL	5.66711565691123	52.2661386478456	0.0203	0.001
ind_32994	Germany	DE	10.3589016293772	51.0835556416166	0.0158	-0.0159
ind_33609	United Kingdom	UK	-2.33119501692698	53.5432480069741	0.0203	0.0053
ind_33658	Belgium	BE	4.61479191810973	50.6615342351454	0.0157	-0.0031
ind_34018	Sweden	SE	18	59.35	0.0472	-0.0261
ind_34088	Germany	DE	10.3589016293772	51.0835556416166	-0.0391	-0.0096
ind_34751	Belgium	BE	4.61479191810973	50.6615342351454	0.018	-0.0077
ind_34763	Germany	DE	10.3589016293772	51.0835556416166	0.0188	-0.0098
ind_35073	Austria	AT	14.1174253717318	47.59249681831	0.0189	-0.0315
ind_35823	Poland	PL	19.3946076487790	52.14189866452	0.0295	-0.0637
ind_36446	Ireland	IE	-8.18040076502755	53.1966827266848	0.0283	0.0129
ind_37502	Germany	DE	10.3589016293772	51.0835556416166	0.0134	-0.0121
ind_38690	Belgium	BE	4.61479191810973	50.6615342351454	0.0253	0.0057
ind_39886	Austria	AT	14.1174253717318	47.59249681831	0.0153	-0.0137
ind_40063	Germany	DE	10.3589016293772	51.0835556416166	0.0151	-0.0163
ind_40612	Germany	DE	10.3589016293772	51.0835556416166	0.0287	-0.0167
ind_41484	Croatia	HR	16.1	45.32	0.0204	-0.0491
ind_41934	Netherlands	NL	5.66711565691123	52.2661386478456	0.0304	-0.0173
ind_43090	Germany	DE	10.3589016293772	51.0835556416166	0.0293	-0.0268
ind_46712	Germany	DE	10.3589016293772	51.0835556416166	0.0088	-0.0087
ind_46831	Germany	DE	10.3589016293772	51.0835556416166	0.0198	-0.0212
ind_46856	Netherlands	NL	5.66711565691123	52.2661386478456	0.038	-0.0127
ind_46982	Germany	DE	10.3589016293772	51.0835556416166	0.0319	-0.0114
ind_47069	Netherlands	NL	5.66711565691123	52.2661386478456	0.0386	-0.0099
ind_48974	Scotland	Sct	-3.2	55.95	0.0245	-0.0033
ind_49462	United Kingdom	UK	-2.33119501692698	53.5432480069741	0.0319	0.0033
ind_174	Sweden	SE	18	59.35	0.0321	-0.0076
ind_268	Germany	DE	10.3589016293772	51.0835556416166	0.0281	-0.0096
ind_997	Poland	PL	19.3946076487790	52.14189866452	0.0387	-0.0582
ind_1827	Belgium	BE	4.61479191810973	50.6615342351454	0.0184	-0.0027
ind_2599	United Kingdom	UK	-2.33119501692698	53.5432480069741	0.0288	0.0069
ind_3861	Poland	PL	19.3946076487790	52.14189866452	0.0383	-0.0646
ind_4200	Belgium	BE	4.61479191810973	50.6615342351454	0.0269	0.0036
ind_5123	Germany	DE	10.3589016293772	51.0835556416166	0.0199	0.0033
ind_5907	Russian Federation	RU	37.5	55.75	0.0402	-0.0646
ind_5994	Belgium	BE	4.61479191810973	50.6615342351454	0.0145	-0.003
ind_6796	Belgium	BE	4.61479191810973	50.6615342351454	0.0152	0.0025
ind_7490	Germany	DE	10.3589016293772	51.0835556416166	0.0381	-0.0405
ind_10045	Belgium	BE	4.61479191810973	50.6615342351454	0.0181	-0.0031
ind_11397	Poland	PL	19.3946076487790	52.14189866452	0.0361	-0.0509
ind_11526	Germany	DE	10.3589016293772	51.0835556416166	0.0194	-0.0204
ind_11844	Germany	DE	10.3589016293772	51.0835556416166	0.0359	-0.0086
ind_13832	Germany	DE	10.3589016293772	51.0835556416166	0.0235	-0.0145
ind_13948	Belgium	BE	4.61479191810973	50.6615342351454	0.0095	0.005
ind_14213	Poland	PL	19.3946076487790	52.14189866452	0.0326	-0.0606
ind_14703	Sweden	SE	18	59.35	0.0432	-0.0304
ind_15389	Belgium	BE	4.61479191810973	50.6615342351454	0.0266	-0.0013
ind_15532	Belgium	BE	4.61479191810973	50.6615342351454	0.0138	-0.005
ind_15630	Germany	DE	10.3589016293772	51.0835556416166	0.0371	-0.0297
ind_16625	Austria	AT	14.1174253717318	47.59249681831	0.0039	-0.0185
ind_16859	Germany	DE	10.3589016293772	51.0835556416166	0.0132	-0.0128
ind_18047	Poland	PL	19.3946076487790	52.14189866452	0.0246	-0.0523
ind_18145	Poland	PL	19.3946076487790	52.14189866452	0.0273	-0.0595
ind_19056	Belgium	BE	4.61479191810973	50.6615342351454	0.0194	0.0139
ind_19310	Ireland	IE	-8.18040076502755	53.1966827266848	0.0356	0.0136
ind_20231	Germany	DE	10.3589016293772	51.0835556416166	0.0123	-0.0075
ind_20374	Belgium	BE	4.61479191810973	50.6615342351454	0.0215	0.0025
ind_20585	Norway	NO	10.68	59.93	0.0422	-0.0127
ind_20892	Belgium	BE	4.61479191810973	50.6615342351454	0.0103	0.0051
ind_21103	Germany	DE	10.3589016293772	51.0835556416166	0.011	-0.0059
ind_21527	Netherlands	NL	5.66711565691123	52.2661386478456	0.0323	9e-04
ind_21744	Germany	DE	10.3589016293772	51.0835556416166	0.0435	-0.0132
ind_21915	Slovenia	SI	14.7739665751100	46.1226431116918	0.0121	-0.0416
ind_23315	Ireland	IE	-8.18040076502755	53.1966827266848	0.0298	0.007
ind_23871	Germany	DE	10.3589016293772	51.0835556416166	0.033	-8e-04
ind_24748	Russian Federation	RU	37.5	55.75	0.0315	-0.0618
ind_24879	Belgium	BE	4.61479191810973	50.6615342351454	0.0182	-0.0115
ind_25439	Germany	DE	10.3589016293772	51.0835556416166	0.0197	-0.0165
ind_26381	Belgium	BE	4.61479191810973	50.6615342351454	0.0179	2e-04
ind_26412	Germany	DE	10.3589016293772	51.0835556416166	0.0081	-0.0181
ind_27647	Germany	DE	10.3589016293772	51.0835556416166	0.0289	-0.0091
ind_27842	Sweden	SE	18	59.35	0.0401	-0.0089
ind_28108	Germany	DE	10.3589016293772	51.0835556416166	0.0247	-0.0229
ind_28158	Germany	DE	10.3589016293772	51.0835556416166	0.0239	-0.0101
ind_30724	Germany	DE	10.3589016293772	51.0835556416166	0.0196	-0.0253
ind_31487	Germany	DE	10.3589016293772	51.0835556416166	0.0322	-0.0101
ind_32304	Belgium	BE	4.61479191810973	50.6615342351454	0.0163	-0.0078
ind_33372	Germany	DE	10.3589016293772	51.0835556416166	0.0306	-0.0187
ind_36415	Netherlands	NL	5.66711565691123	52.2661386478456	0.0335	-0.0128
ind_36607	Poland	PL	19.3946076487790	52.14189866452	0.0353	-0.0519
ind_36643	France	FR	2.39432767075193	46.6058680055316	0.007	0.0098
ind_37702	Belgium	BE	4.61479191810973	50.6615342351454	0.0212	-1e-04
ind_38872	Sweden	SE	18	59.35	0.0367	-0.0216
ind_39663	Austria	AT	14.1174253717318	47.59249681831	0.0141	-0.0305
ind_40448	Poland	PL	19.3946076487790	52.14189866452	0.0376	-0.0469
ind_41863	United Kingdom	UK	-2.33119501692698	53.5432480069741	0.0315	0.0174
ind_42091	Belgium	BE	4.61479191810973	50.6615342351454	0.0168	0.0072
ind_42738	Belgium	BE	4.61479191810973	50.6615342351454	0.0188	0.0071
ind_42880	Germany	DE	10.3589016293772	51.0835556416166	0.0375	-0.0215
ind_43885	Germany	DE	10.3589016293772	51.0835556416166	0.0223	-0.0188
ind_47436	Poland	PL	19.3946076487790	52.14189866452	0.0214	-0.033
ind_49264	Belgium	BE	4.61479191810973	50.6615342351454	0.0242	-0.0073
ind_49632	Germany	DE	10.3589016293772	51.0835556416166	0.0181	-0.0208
ind_56	United Kingdom	UK	-2.33119501692698	53.5432480069741	0.04	0.017
ind_119	United Kingdom	UK	-2.33119501692698	53.5432480069741	0.0273	4e-04
ind_3013	United Kingdom	UK	-2.33119501692698	53.5432480069741	0.0359	0.0202
ind_3445	Cyprus	CY	33.1996854536619	35.0981563694544	-0.0731	-0.0388
ind_3716	United Kingdom	UK	-2.33119501692698	53.5432480069741	0.0394	0.0201
ind_4439	Ireland	IE	-8.18040076502755	53.1966827266848	0.0339	0.004
ind_4746	Spain	ES	-3.56611484727657	40.3287080082217	-0.0189	0.0339
ind_5314	United Kingdom	UK	-2.33119501692698	53.5432480069741	0.0277	-0.0084
ind_5383	Ireland	IE	-8.18040076502755	53.1966827266848	0.0373	0.0083
ind_6035	United Kingdom	UK	-2.33119501692698	53.5432480069741	0.0354	0.0233
ind_6125	Ireland	IE	-8.18040076502755	53.1966827266848	0.0401	0.0095
ind_6423	United Kingdom	UK	-2.33119501692698	53.5432480069741	0.033	0.005
ind_6460	United Kingdom	UK	-2.33119501692698	53.5432480069741	0.0317	0.0104
ind_6939	United Kingdom	UK	-2.33119501692698	53.5432480069741	-0.0666	-0.0283
ind_8526	United Kingdom	UK	-2.33119501692698	53.5432480069741	0.0291	1e-04
ind_10060	Ireland	IE	-8.18040076502755	53.1966827266848	0.035	0.0053
ind_10208	United Kingdom	UK	-2.33119501692698	53.5432480069741	0.0294	0.0118
ind_10400	United Kingdom	UK	-2.33119501692698	53.5432480069741	0.0311	0.0034
ind_10514	Ireland	IE	-8.18040076502755	53.1966827266848	0.0312	0.016
ind_12146	United Kingdom	UK	-2.33119501692698	53.5432480069741	0.0263	-0.0124
ind_14432	United Kingdom	UK	-2.33119501692698	53.5432480069741	0.0254	0.0069
ind_14444	United Kingdom	UK	-2.33119501692698	53.5432480069741	0.0333	-0.0035
ind_16049	Ireland	IE	-8.18040076502755	53.1966827266848	0.0364	0.0116
ind_17361	United Kingdom	UK	-2.33119501692698	53.5432480069741	0.036	0.0109
ind_17969	United Kingdom	UK	-2.33119501692698	53.5432480069741	0.0038	-0.0119
ind_18306	Ireland	IE	-8.18040076502755	53.1966827266848	0.0354	0.0181
ind_18517	Ireland	IE	-8.18040076502755	53.1966827266848	0.0309	0.02
ind_19070	United Kingdom	UK	-2.33119501692698	53.5432480069741	0.0297	0.0012
ind_19162	France	FR	2.39432767075193	46.6058680055316	-0.0042	0.0198
ind_19929	Ireland	IE	-8.18040076502755	53.1966827266848	0.0401	0.0177
ind_20129	Cyprus	CY	33.1996854536619	35.0981563694544	-0.0734	-0.0395
ind_20322	United Kingdom	UK	-2.33119501692698	53.5432480069741	0.0264	0.0078
ind_20649	Ireland	IE	-8.18040076502755	53.1966827266848	0.0392	0.0099
ind_21090	United Kingdom	UK	-2.33119501692698	53.5432480069741	0.0288	0.0032
ind_21314	Ireland	IE	-8.18040076502755	53.1966827266848	0.0299	0.0061
ind_22354	United Kingdom	UK	-2.33119501692698	53.5432480069741	0.0294	-0.0095
ind_23062	United Kingdom	UK	-2.33119501692698	53.5432480069741	0.0312	0.0077
ind_23447	United Kingdom	UK	-2.33119501692698	53.5432480069741	0.0328	0.005
ind_23737	United Kingdom	UK	-2.33119501692698	53.5432480069741	0.0291	0.0046
ind_24067	United Kingdom	UK	-2.33119501692698	53.5432480069741	0.0313	-0.0087
ind_24172	United Kingdom	UK	-2.33119501692698	53.5432480069741	0.0171	0.0072
ind_24463	United Kingdom	UK	-2.33119501692698	53.5432480069741	0.033	0.0108
ind_24725	United Kingdom	UK	-2.33119501692698	53.5432480069741	0.04	0.0177
ind_24756	United Kingdom	UK	-2.33119501692698	53.5432480069741	0.033	0.0032
ind_25539	Ireland	IE	-8.18040076502755	53.1966827266848	0.038	0.0109
ind_26613	United Kingdom	UK	-2.33119501692698	53.5432480069741	0.0305	0.0066
ind_26909	Ireland	IE	-8.18040076502755	53.1966827266848	0.0395	0.0149
ind_26969	Ireland	IE	-8.18040076502755	53.1966827266848	0.0272	0.0118
ind_27025	Ireland	IE	-8.18040076502755	53.1966827266848	0.0354	0.012
ind_27496	Ireland	IE	-8.18040076502755	53.1966827266848	0.0358	0.0199
ind_27884	United Kingdom	UK	-2.33119501692698	53.5432480069741	0.0231	0.0018
ind_29476	Ireland	IE	-8.18040076502755	53.1966827266848	0.0341	0.012
ind_29735	United Kingdom	UK	-2.33119501692698	53.5432480069741	0.0241	-0.0038
ind_29956	United Kingdom	UK	-2.33119501692698	53.5432480069741	0.0282	0
ind_30979	United Kingdom	UK	-2.33119501692698	53.5432480069741	0.0287	0.0046
ind_31079	Ireland	IE	-8.18040076502755	53.1966827266848	0.0333	0.0225
ind_31376	Serbia and Montenegro	YG	20.6157230848337	43.9494926410995	-0.0092	-0.0541
ind_31424	United Kingdom	UK	-2.33119501692698	53.5432480069741	0.0398	-0.0014
ind_31877	United Kingdom	UK	-2.33119501692698	53.5432480069741	0.0278	-0.0046
ind_32415	United Kingdom	UK	-2.33119501692698	53.5432480069741	0.0315	-0.0035
ind_32834	United Kingdom	UK	-2.33119501692698	53.5432480069741	0.0228	-0.0015
ind_33392	United Kingdom	UK	-2.33119501692698	53.5432480069741	0.0333	-8e-04
ind_34049	Italy	IT	12.5	42	-0.0494	0.0397
ind_36789	United Kingdom	UK	-2.33119501692698	53.5432480069741	0.0275	0.0085
ind_37544	United Kingdom	UK	-2.33119501692698	53.5432480069741	0.0407	0.007
ind_39103	United Kingdom	UK	-2.33119501692698	53.5432480069741	0.0306	-0.0011
ind_40363	United Kingdom	UK	-2.33119501692698	53.5432480069741	0.0245	-0.0025
ind_40529	Ireland	IE	-8.18040076502755	53.1966827266848	0.0405	0.0044
ind_42294	Ireland	IE	-8.18040076502755	53.1966827266848	0.0379	0.0239
ind_44273	United Kingdom	UK	-2.33119501692698	53.5432480069741	0.028	-3e-04
ind_44466	United Kingdom	UK	-2.33119501692698	53.5432480069741	0.035	0.0037
ind_45560	United Kingdom	UK	-2.33119501692698	53.5432480069741	0.0315	0.0113
ind_45698	United Kingdom	UK	-2.33119501692698	53.5432480069741	0.028	-0.0012
ind_48171	United Kingdom	UK	-2.33119501692698	53.5432480069741	0.03	0.0081
ind_48703	United Kingdom	UK	-2.33119501692698	53.5432480069741	0.0289	-0.002
